score,reason,province,name_a,city_a,sources_a,name_b,city_b,sources_b,evidence_b,decision,reviewer,notes
1.0,same-name-different-city,Alberta,Vision Basketball Academy,Calgary,census-2026-07,Vision Basketball Academy,Okotoks,census-2026-07,https://visionbasketballacademy.com/locations,distinct,auto-rule,both are census municipalities (Calgary / Okotoks); kept separate - override if they are one club
1.0,same-name-different-city,British Columbia,Revolution Basketball Club,Abbotsford,census-2026-07,Revolution Basketball Club,Maple Ridge,census-2026-07,https://www.revolutionbasketballclub.com/,distinct,auto-rule,both are census municipalities (Abbotsford / Maple Ridge); kept separate - override if they are one club
1.0,same-name-different-city,British Columbia,Northside Attack Athletics,Burnaby,census-2026-07,Northside Attack Athletics,Pitt Meadows,census-2026-07,https://www.northsideattack.com/,distinct,auto-rule,both are census municipalities (Burnaby / Pitt Meadows); kept separate - override if they are one club
1.0,same-name-different-city,British Columbia,Panther Hoops,Coquitlam,census-2026-07,Panther Hoops,Port Coquitlam,census-2026-07,https://basketball604.com/basketball-clubs/,distinct,auto-rule,both are census municipalities (Coquitlam / Port Coquitlam); kept separate - override if they are one club
1.0,same-name-different-city,British Columbia,Steve Nash Youth Basketball — Nanaimo,Nanaimo,census-2026-07,Steve Nash Youth Basketball — Powell River,Powell River,census-2026-07,https://pacificsportvi.com/regional-and-local-sport-organizations/,distinct,auto-rule,both are census municipalities (Nanaimo / Powell River); kept separate - override if they are one club
1.0,same-name-different-city,British Columbia,Excel Basketball,Port Coquitlam,census-2026-07,Excel Basketball,Surrey,census-2026-07,https://excelbasketball.com/,distinct,auto-rule,both are census municipalities (Port Coquitlam / Surrey); kept separate - override if they are one club
1.0,same-name-different-city,British Columbia,Slamma Jamma Future Crusaders,Lower Mainland (Fraser River/Fraser Valley/Vancouver-Coastal regions),census-2026-07,Slamma Jamma Future Crusaders (Slamma Jamma Girls Basketball Club),Surrey,census-2026-07,https://basketball.bc.ca/clubs/member-clubs-2025-26/,,,
1.0,same-name-different-city,British Columbia,Community Elite,Richmond,census-2026-07,Community Elite,Vancouver,census-2026-07,https://basketball.bc.ca/clubs/member-clubs-2025-26/,distinct,auto-rule,both are census municipalities (Richmond / Vancouver); kept separate - override if they are one club
1.0,same-name-different-city,Ontario,Next Level Basketball (NextLevel Sports Academy / Cowichan Valley Basketball),Duncan,census-2026-07,Next Level Basketball,Vernon,census-2026-07,https://www.nlbasketball.ca/,distinct,auto-rule,both are census municipalities (Duncan / Vernon); kept separate - override if they are one club
1.0,same-name-different-city,Manitoba,Prairie Basketball League (PBL) / PBL Select,Niverville area (Eastman/Central region),census-2026-07,Prairie Basketball League (PBL) — league operator & PBL Select club teams,Steinbach,census-2026-07,https://prairiebasketballleague.ca/,,,
1.0,same-name-different-city,Manitoba,Prairie Basketball League (PBL) / PBL Select,Niverville area (Eastman/Central region),census-2026-07,Prairie Basketball League (PBL) — organization,Steinbach,census-2026-07,https://prairiebasketballleague.ca/contactus,,,
1.0,same-name-different-city,Newfoundland & Labrador,Force Basketball,Surrey,census-2026-07,FORCE Basketball (FORCE Basketball NL),Gander,census-2026-07,https://www.newfoundlandlabradorbasketball.com/minor-clubs,distinct,auto-rule,both are census municipalities (Surrey / Gander); kept separate - override if they are one club
1.0,same-name-different-city,Nova Scotia,Axe Basketball Club,Kentville (serves Hantsport to New Minas corridor),census-2026-07,Axe Basketball Club,Wolfville,census-2026-07,https://www.axebasketball.ca/,distinct,auto-rule,both are census municipalities (Kentville (serves Hantsport to New Minas corridor) / Wolfville); kept separate - override if they are one club
1.0,same-name-different-city,Newfoundland & Labrador,CE23 Academy (CE23 Basketball),Paradise,census-2026-07,CE23 Academy,Newfoundland,census-2026-07,ontario census + enrichment 2026-07-18,,,
1.0,same-name-different-city,Ontario,Rise Basketball (Rise Fitness and Sports Training),Vernon,census-2026-07,Rise Basketball,Toronto/GTA,census-2026-07,ontario census + enrichment 2026-07-18,,,
1.0,same-name-different-city,Ontario,Next Level Basketball (NextLevel Sports Academy / Cowichan Valley Basketball),Duncan,census-2026-07,Next Level Basketball (Barrie),Barrie,community-sweep,https://infobarrie.cioc.ca/record/BAR1687?UseCICVw=221,distinct,auto-rule,both are census municipalities (Duncan / Barrie); kept separate - override if they are one club
1.0,same-name-different-city,Ontario,Simcoe United,Simcoe,"census-2026-07,league-harvest",Simcoe United,Barrie/Markham/Caledon/Orillia (roster drew from these areas),league-harvest,https://simcoeunitedbasketball.com/juel/,,,
1.0,same-name-different-city,Ontario,Canada Topflight Academy (CTA),Toronto,census-2026-07,"Canada Topflight Academy (Gold, Red)",Ottawa,ontario-circuit-list,,distinct,auto-rule,both are census municipalities (Toronto / Ottawa); kept separate - override if they are one club
1.0,same-name-different-city,Ontario,F.O.R.M. Basketball Academy,Scarborough,census-2026-07,F.O.R.M. Basketball Academy,Vancouver,ontario-circuit-list,,,,
1.0,same-name-different-city,Ontario,Strive Hoops,Slave Lake,"census-2026-07,league-harvest",Strive Hoops,London,ontario-circuit-list,,distinct,auto-rule,both are census municipalities (Slave Lake / London); kept separate - override if they are one club
1.0,same-name-different-city,Ontario,Toronto Top Tier,Toronto,"census-2026-07,oba-kml",Toronto Top Tier,Etobicoke,ontario-circuit-list,,,,
1.0,same-name-different-city,Ontario,Toronto Top Tier,Etobicoke,ontario-circuit-list,Toronto Top Tier,Toronto,ontario-csv,,,,
1.0,same-name-different-city,Ontario,Simcoe United,Barrie/Markham/Caledon/Orillia (roster drew from these areas),league-harvest,Simcoe United,Simcoe,ontario-csv,,,,
1.0,same-name-different-city,Newfoundland & Labrador,CE23 Academy (CE23 Basketball),Paradise,"census-2026-07,ontario-circuit-list",CE23 Academy,Newfoundland,ontario-csv,,,,
1.0,same-name-different-city,Ontario,Alpha Elite Sports Group,Mississauga,ontario-circuit-list,Alpha Elite Sports Group,Toronto ON,contact-enrichment,,,,
1.0,same-name-different-city,Ontario,Brampton City Prep,Brampton,"census-2026-07,ontario-circuit-list,ontario-csv",Brampton City Prep (BCP),Etobicoke ON,contact-enrichment,,,,
1.0,same-name-different-city,Ontario,Canada Topflight Academy (CTA),Toronto,"census-2026-07,ontario-csv",Canada Topflight Academy (Tony House's club),Ottawa ON,contact-enrichment,,,,
1.0,same-name-different-city,Ontario,First Step Elite,K-W/519,"census-2026-07,ontario-circuit-list,ontario-csv",First Step Elite (FSE),Kitchener-Waterloo ON,contact-enrichment,,,,
1.0,same-name-different-city,Ontario,GBU (Gwillimbury Basketball United),E/W Gwillimbury–Newmarket,ontario-circuit-list,GBU (Gwillimbury United),E/W Gwillimbury-Newmarket ON,contact-enrichment,,,,
1.0,same-name-different-city,Ontario,Underdog Elite,GTA (likely),"census-2026-07,ontario-circuit-list,ontario-csv",Underdog Elite (Underdog Athletics),Toronto/Mississauga/Milton ON,contact-enrichment,,,,
1.0,same-name-different-city,Ontario,South Simcoe Basketball Club,"Bradford (regional club; explicitly covers Alliston, Cookstown, Beeton, Tottenham — all in New Tecumseth/west of Hwy 400)","gap-fill,oba-kml",South Simcoe Basketball Club,"Innisfil (2270 Richardson St, Innisfil, ON L9S 1G6)",gap-fill,https://www.sportsengine.com/org/south-simcoe-basketball-club,,,
1.0,same-name-different-city,Ontario,Norfolk Youth Basketball Association,Simcoe,"gap-fill,oba-kml",Norfolk Youth Basketball Association,Waterford / Norfolk County,211-cioc,https://211ontario.ca/service/79836338/norfolk-youth-basketball-association-youth-basketbal-programs/,,,
1.0,same-name-different-city,Ontario,Next Level Basketball (NextLevel Sports Academy / Cowichan Valley Basketball),Duncan,census-2026-07,Next Level Basketball,Barrie / Simcoe County,211-cioc,https://cc.search211.ca/record/93593240/next-level-basketball-next-level-basketball/,,,
1.0,same-name-different-city,Ontario,D3P Sports (D3P Basketball),Brampton,211-cioc,D3P Sports (D3P Basketball / D3P All Abilities / D3P Fitness),Caledon,municipal-directory,https://peel.cioc.ca/record/CDR1812,distinct,auto-rule,both are census municipalities (Brampton / Caledon); kept separate - override if they are one club
1.0,same-name-different-city,Ontario,Next Level Basketball (NextLevel Sports Academy / Cowichan Valley Basketball),Duncan,census-2026-07,Next Level Basketball,Barrie,municipal-directory,https://cc.search211.ca/record/93593240/next-level-basketball-next-level-basketball/,distinct,auto-rule,both are census municipalities (Duncan / Barrie); kept separate - override if they are one club
1.0,same-name-different-city,Ontario,Big Country Basketball,Southern Manitoba (Winkler/Morden area),census-2026-07,Big Country Basketball,Breslau,browser-sweep,https://jr-nba.webflow.io/programs/big-country-basketball-fall,,,
1.0,same-name-different-city,Ontario,Next Level Basketball (NextLevel Sports Academy / Cowichan Valley Basketball),Duncan,census-2026-07,Next Level Basketball,Barrie,browser-sweep,https://jr-nba.webflow.io/programs/next-level-basketball-fall,distinct,auto-rule,both are census municipalities (Duncan / Barrie); kept separate - override if they are one club
1.0,same-name-different-city,Ontario,Norfolk Youth Basketball Association,Simcoe,"gap-fill,municipal-directory,oba-kml",Norfolk Youth Basketball Association,Waterford,browser-sweep,https://jr-nba.webflow.io/programs/norfolk-youth-basketball-association-fall,,,
1.0,same-name-different-city,Ontario,Naismith Basketball Association,Eastern Ontario (Ottawa area),"community-sweep,oba-kml",Naismith Basketball Association,possibly Almonte/Lanark area,browser-sweep,https://tournaments-api.teamsnap.com/public/events/45924/participants,,,
1.0,same-name-different-city,Quebec,Phénix (basketball),Lac-Saint-Joseph,census-2026-07,Phenix,"Gatineau/Outaouais, QC (cross-border, inferred)",browser-sweep,https://tournaments-api.teamsnap.com/public/events/45924/participants,,,
1.0,same-name-different-city,Ontario,F.O.R.M. Basketball Academy,Scarborough,"census-2026-07,ontario-csv",F.O.R.M. Basketball Academy,"British Columbia (Windsor, ON connection via founder's coaching role)",browser-sweep,https://canadahoopscircuit.ca/nationals,,,
0.932,near-duplicate-name,Ontario,Kitchener-Waterloo Girls Basketball Association,Kitchener-Waterloo,"municipal-directory,oba-kml",Kitchener Waterloo Basketball Association,Waterloo,browser-sweep,https://jr-nba.webflow.io/programs/kitchener-waterloo-girls-basketball-association-fall,,,
0.929,near-duplicate-name,Ontario,ABC Basketball (formerly Gino's Basketball),Aurora/Richmond Hill/Newmarket,community-sweep,ACE Basketball,,browser-sweep,https://canadahoopscircuit.ca/nationals,,,
0.927,same-name-different-city,Ontario,Tri-County Soldiers,K-W/Cambridge/Guelph,ontario-circuit-list,Tri-County Soldiers BC,Waterloo/Kitchener ON,contact-enrichment,,,,
0.921,name-prefix-variant,Ontario,Belleville Spirits,Belleville,"community-sweep,municipal-directory,oba-kml",Belleville Spirits Boys Basketball,Belleville,municipal-directory,https://quinte.totalsportsmedia.ca/directory/belleville-spirits-boys-basketball/,,,
0.92,name-prefix-variant,Ontario,James Cardinal McGuigan,Toronto (North York),ontario-circuit-list,James Cardinal McGuigan CHS (Wolfpact),North York ON,contact-enrichment,,,,
0.917,near-duplicate-name,Ontario,London CYO Basketball,London,"census-2026-07,community-sweep,oba-kml",London Basketball Club,London,community-sweep,https://www.londonbasketballclub.ca/,,,
0.909,same-name-different-city,Saskatchewan,Rosetown Jr. NBA community program (SKY Basketball),Rosetown,census-2026-07,Rosthern Jr. NBA community program (SKY Basketball),Rosthern,census-2026-07,https://leagues.teamlinkt.com/skybasketball/Communities,,,
0.905,same-name-different-city,British Columbia,Prince George Minor Basketball Association (PGMBA),Prince George,census-2026-07,Prince Rupert Minor Basketball Association (PRMBA),Prince Rupert,census-2026-07,https://www.princerupert.ca/index-pages/directory-listings/prince-rupert-minor-basketball,distinct,auto-rule,both are census municipalities (Prince George / Prince Rupert); kept separate - override if they are one club
0.905,same-name-different-city,Saskatchewan,HoopLife Basketball Inc.,Regina,census-2026-07,HoopLife Basketball — Saskatoon,Saskatoon,census-2026-07,https://www.hooplifebasketball.com/saskatoon/sessions/basketball-training,distinct,auto-rule,both are census municipalities (Regina / Saskatoon); kept separate - override if they are one club
0.901,near-duplicate-name,Ontario,North Toronto Basketball Association (NTBA),Toronto,census-2026-07,North Region Basketball Association (NRBA),Toronto (GTA-wide),census-2026-07,ontario census + enrichment 2026-07-18,,,
0.9,same-name-different-city,Alberta,Genesis Basketball (Calgary program),Calgary,census-2026-07,Genesis Basketball YEG (Genesis Sports Group Inc.),Edmonton,census-2026-07,https://genesisbasketballyeg.ca/,distinct,auto-rule,both are census municipalities (Calgary / Edmonton); kept separate - override if they are one club
0.9,same-name-different-city,British Columbia,ELEVATE Basketball,Langley,census-2026-07,ELEVATE Basketball Inc.,Surrey (South Surrey / White Rock),census-2026-07,https://elevateyourgame.ca/program-calendar/surrey-b-c/south-surrey-club-teams/,distinct,auto-rule,both are census municipalities (Langley / Surrey (South Surrey / White Rock)); kept separate - override if they are one club
0.897,near-duplicate-name,Alberta,Calgary Basketball Academy (CBA),Calgary,census-2026-07,Calgary South Basketball Academy (CSBA),Calgary,census-2026-07,https://csbasketball.academy,,,
0.897,near-duplicate-name,Ontario,Rise Basketball (Rise Fitness and Sports Training),Vernon,census-2026-07,RWI Basketball,,census-2026-07,ontario census + enrichment 2026-07-18,,,
0.897,near-duplicate-name,Ontario,Niagara Girls Basketball Academy (NGBA),Niagara Region,"community-sweep,oba-kml",Niagara Basketball Academy,Niagara,browser-sweep,https://jr-nba.webflow.io/programs/niagara-basketball-academy-fall,,,
0.896,same-name-different-city,Alberta,South Stoney Basketball Association (Bobcats),Calgary,census-2026-07,Southwest Basketball Association (SWBA),Edmonton,census-2026-07,https://southwestbasketball.com/content/community-based-teams,distinct,auto-rule,both are census municipalities (Calgary / Edmonton); kept separate - override if they are one club
0.895,near-duplicate-name,Alberta,Calgary Grizzlies Wheelchair Basketball Society,Calgary,census-2026-07,Calgary Northwest Basketball Association (CNWB),Calgary,census-2026-07,https://cnwb.ca,,,
0.895,same-name-different-city,Ontario,Blessed Sacrament,Toronto,ontario-circuit-list,Blessed Sacrament CYO (Yellow Jackets),Hamilton,ontario-circuit-list,,distinct,auto-rule,both are census municipalities (Toronto / Hamilton); kept separate - override if they are one club
0.895,name-prefix-variant,Ontario,Father Henry Carr,Toronto (Rexdale),ontario-circuit-list,Father Henry Carr CSS (TCDSB),Toronto (Rexdale) ON,contact-enrichment,,,,
0.894,near-duplicate-name,Ontario,Kitchener-Waterloo Girls Basketball Association,,oba-kml,Kitchener-Waterloo Youth Basketball Association (Vipers),,oba-kml,https://www.google.com/maps/d/kml?mid=1jf36n-Sx3O1KSIlSjRcGu-JABLNcyUgo&forcekml=1,,,
0.894,near-duplicate-name,Ontario,Penetanguishene-Midland Basketball Association,,oba-kml,Peneteng Midland Basketball Association,Midlan,browser-sweep,https://jr-nba.webflow.io/programs/peneteng-midland-basketball-association-fall,,,
0.889,same-name-different-city,British Columbia,Rookies Sports Club,Surrey,census-2026-07,Roots Sports Club,Vernon / Lake Country,census-2026-07,https://www.rootssportsclub.ca/,,,
0.889,near-duplicate-name,Quebec,RSEQO (Réseau du sport étudiant - Outaouais),Gatineau,census-2026-07,RSEQ,,census-2026-07,Basketball Québec regional registry PDFs (mined 2026-07-18),,,
0.886,near-duplicate-name,Alberta,North East Basketball Association (NEBA),Edmonton,census-2026-07,Northwest Zone Basketball Association (NWBA/NWZBA),Edmonton,census-2026-07,http://northwestbasketball.ca/,,,
0.886,same-name-different-city,British Columbia,North Delta Basketball Association (NDBA),Delta (North Delta),census-2026-07,North Langley Basketball Association (NLBA),Langley,census-2026-07,https://northlangleybasketball.ca/about-us/,distinct,auto-rule,both are census municipalities (Delta (North Delta) / Langley); kept separate - override if they are one club
0.886,same-name-different-city,British Columbia,South Delta Basketball Association (SDBA),Delta (Tsawwassen/Ladner),census-2026-07,South Langley Basketball Association,Langley,census-2026-07,https://southlangleybasketball.com/,distinct,auto-rule,both are census municipalities (Delta (Tsawwassen/Ladner) / Langley); kept separate - override if they are one club
0.88,near-duplicate-name,Alberta,Calgary Elite Basketball,Calgary,census-2026-07,Calgary Selects Basketball,Calgary,census-2026-07,https://calgaryselects.ca/,,,
0.88,same-name-different-city,Quebec,Association de Basketball de Lachine,Montréal (Lachine),census-2026-07,Association de Basketball de Lanaudière (LANO),Repentigny,census-2026-07,https://www.lano.qc.ca/,distinct,auto-rule,both are census municipalities (Montréal (Lachine) / Repentigny); kept separate - override if they are one club
0.875,same-name-different-city,British Columbia,West Coast Swish Basketball,Abbotsford,census-2026-07,West Coast Basketball,Surrey,census-2026-07,https://basketball604.com/basketball-clubs/,distinct,auto-rule,both are census municipalities (Abbotsford / Surrey); kept separate - override if they are one club
0.875,near-duplicate-name,Quebec,Club de basketball Magog,Magog,census-2026-07,Club de Basketball M.A.D.,,census-2026-07,https://www.publicationsports.com/ressources/files/737/Quebec-Chaudiere_appalaches.pdf,,,
0.875,near-duplicate-name,Ontario,DEl1te Basketball,,census-2026-07,DEEP Basketball,,league-harvest,https://www.cybl.ca/,,,
0.875,near-duplicate-name,Ontario,MC Elite,,census-2026-07,MT Elite,,league-harvest,https://www.cybl.ca/ (High School division),,,
0.875,near-duplicate-name,Ontario,HQ Elite,,census-2026-07,HG Elite,,league-harvest,https://basketball.exposureevents.com/264611/phoenix-basketball-spring-league-2026/teams,,,
0.873,same-name-different-city,New Brunswick,Hampton Minor Basketball Association (HMBA),Hampton,census-2026-07,Harvey Minor Basketball Association,Harvey Station,census-2026-07,https://www.basketball.nb.ca/content/find-a-club-association,,,
0.872,name-prefix-variant,Ontario,Southwest Academy,London,"census-2026-07,ontario-circuit-list,ontario-csv",Southwest Academy Prep,London ON,contact-enrichment,,,,
0.871,near-duplicate-name,Alberta,East Pro Basketball Association,Calgary,census-2026-07,Eastview Basketball Association,Calgary,census-2026-07,http://eastviewbb.ca/,,,
0.871,near-duplicate-name,Manitoba,Winnipeg Cobras Basketball Club,Winnipeg,census-2026-07,Winnipeg Wolves Basketball Club,Winnipeg,census-2026-07,http://www.winnipegwolves.com/,,,
0.87,same-name-different-city,Alberta,CLS Minor Basketball Association (Chestermere-Langdon-Strathmore),Chestermere,census-2026-07,Cochrane Minor Basketball Association (CoMBA),Cochrane,census-2026-07,https://www.cochraneminorbasketball.com,,,
0.87,near-duplicate-name,Ontario,Halton Basketball Club,,oba-kml,Halton Basketball League,Oakville,community-sweep,https://haltonbasketballleague.net/about-us/,,,
0.868,same-name-different-city,Ontario,Caledon Basketball Academy,Caledon,census-2026-07,Canadian Basketball Academy (CBA),Toronto,census-2026-07,ontario census + enrichment 2026-07-18,distinct,auto-rule,both are census municipalities (Caledon / Toronto); kept separate - override if they are one club
0.867,near-duplicate-name,Ontario,MBA Basketball,,census-2026-07,Maple Basketball,,league-harvest,https://www.cybl.ca/,,,
0.865,name-prefix-variant,Ontario,The Conglomerate,,census-2026-07,The Conglomerate Unit,,league-harvest,https://basketball.exposureevents.com/264611/phoenix-basketball-spring-league-2026/teams,,,
0.862,near-duplicate-name,Manitoba,Winnipeg Blizzards Basketball Club,Winnipeg,census-2026-07,Winnipeg Cobras Basketball Club,Winnipeg,census-2026-07,https://www.basketballmanitoba.ca/2025/08/winnipeg-cobras-basketball-club-hosting.html,,,
0.862,near-duplicate-name,Nova Scotia,Dartmouth Celtics Basketball Club,Dartmouth,census-2026-07,Dartmouth Lakers Basketball Club,Dartmouth,census-2026-07,https://basketballnovascotia.ca/content/member-clubs,,,
0.862,same-name-different-city,Saskatchewan,Langham Jr. NBA community program (SKY Basketball),Langham,census-2026-07,Luseland Jr. NBA community program (SKY Basketball),Luseland,census-2026-07,https://leagues.teamlinkt.com/skybasketball/Communities,,,
0.857,same-name-different-city,Alberta,Excel Basketball Academy (EBA),Calgary,census-2026-07,Eagles Basketball Academy,Cochrane,census-2026-07,https://eaglesbasketballacademy.com/,,,
0.857,near-duplicate-name,Alberta,Raymond Basketball,Raymond,census-2026-07,Raymond youth basketball,Raymond,census-2026-07,https://abbasketball.ca/content/who-are-members,,,
0.857,same-name-different-city,British Columbia,South Cariboo Basketball Association,100 Mile House,census-2026-07,South Delta Basketball Association (SDBA),Delta (Tsawwassen/Ladner),census-2026-07,https://www.southdeltabasketball.org/about-us,,,
0.857,same-name-different-city,British Columbia,AIM Basketball,Burnaby,census-2026-07,AFG (All For Girls) Basketball,Richmond,census-2026-07,https://basketball604.com/basketball-clubs/,distinct,auto-rule,both are census municipalities (Burnaby / Richmond); kept separate - override if they are one club
0.857,same-name-different-city,Quebec,MBS Basketball (MBS Basketball Training Club),Québec City,census-2026-07,MTG Basketball,Sainte-Marthe-sur-le-Lac,census-2026-07,https://www.basketball.qc.ca/fr/page/reseau_basketball_quebec/laurentides.html,,,
0.857,same-name-different-city,Quebec,Association de Basketball Pagé (PAGÉ Basketball),Montréal (Villeray–Saint-Michel),census-2026-07,Association de basketball Némésis (Nemesis Basketball),Terrebonne / Mascouche,census-2026-07,https://nemesisbasketball.com/,,,
0.857,near-duplicate-name,Ontario,ABC Basketball (formerly Gino's Basketball),Aurora/Richmond Hill/Newmarket,community-sweep,AET Basketball,,league-harvest,https://basketball.exposureevents.com/264611/phoenix-basketball-spring-league-2026/teams,,,
0.857,near-duplicate-name,Ontario,BGC London,London,community-sweep,B1CE London,,ontario-circuit-list,,,,
0.857,near-duplicate-name,Ontario,Hooptrotters OGs,,ontario-circuit-list,Hooptrotters (OGs/5Gs),GTA (North York) ON,contact-enrichment,,,,
0.857,name-prefix-variant,Ontario,Ottawa Capitals,Ottawa,"league-harvest,ontario-circuit-list",Ottawa Capitals JUEL,Ottawa ON,contact-enrichment,,,,
0.854,near-duplicate-name,Saskatchewan,Silverspring Community Association — Basketball,Saskatoon,census-2026-07,Stonebridge Community Association — Basketball,Saskatoon,census-2026-07,https://www.ourstonebridge.ca/smba-registration-mini-bantam/,,,
0.852,same-name-different-city,Quebec,Club de basketball de St-Boniface,Saint-Boniface,census-2026-07,Club de basketball de Beauce,Saint-Georges,quebec-sweep,https://www.facebook.com/groups/165606103514972/,distinct,auto-rule,both are census municipalities (Saint-Boniface / Saint-Georges); kept separate - override if they are one club
0.851,name-prefix-variant,Ontario,St Michael's College,Toronto,league-harvest,St. Michael's College School,Toronto,ontario-circuit-list,,,,
0.85,same-name-different-city,British Columbia,Shooting Stars Basketball,Richmond,census-2026-07,Shooting Stars,Surrey,census-2026-07,https://basketball.bc.ca/clubs/member-clubs-2025-26/,distinct,auto-rule,both are census municipalities (Richmond / Surrey); kept separate - override if they are one club
0.85,same-name-different-city,Ontario,St. Francis Xavier,Mississauga,census-2026-07,St. Francis,St. Catharines,census-2026-07,ontario census + enrichment 2026-07-18,distinct,auto-rule,both are census municipalities (Mississauga / St. Catharines); kept separate - override if they are one club
0.85,same-name-different-city,Ontario,Grassroots Elite Canada,Ontario-wide,census-2026-07,Grassroots Canada,Toronto,census-2026-07,ontario census + enrichment 2026-07-18,,,
0.85,same-name-different-city,Quebec,Académie Basketball Outaouais (ABO),Gatineau,census-2026-07,Académie Basketball — Cégep de Sherbrooke (Centre de l'activité physique),Sherbrooke,census-2026-07,https://cegepsherbrooke.qc.ca/centre-de-lactivite-physique/activites/jeunesse/academie-basketball/,distinct,auto-rule,both are census municipalities (Gatineau / Sherbrooke); kept separate - override if they are one club
0.85,name-prefix-variant,Ontario,Grassroots Elite Canada,Ontario-wide,census-2026-07,Grassroots Elite,,oba-kml,https://www.google.com/maps/d/kml?mid=1jf36n-Sx3O1KSIlSjRcGu-JABLNcyUgo&forcekml=1,,,
0.85,name-prefix-variant,Ontario,Hamilton Elite Prep,Hamilton,census-2026-07,Hamilton Elite,Hamilton,league-harvest,https://basketball.exposureevents.com/264611/phoenix-basketball-spring-league-2026/teams,,,
0.85,name-prefix-variant,Ontario,North Toronto Basketball Association (NTBA),Toronto,"census-2026-07,community-sweep,league-harvest,oba-kml",North Toronto Basketball + Scarborough Blues (joint 'GTA' JUEL/JUEL franchise),Toronto/Scarborough (GTA),league-harvest,https://ntbasketball.com/news-events/gta-juel-and-juel-prep-franchise/,,,
0.85,name-prefix-variant,Ontario,SC Academy,,"census-2026-07,league-harvest",SC Academy Prep,Vaughan/Toronto,ontario-circuit-list,,,,
0.85,name-prefix-variant,Ontario,Top Notch,,league-harvest,Top Notch Prep / TNP (Top Notch Stars),Vaughan,ontario-circuit-list,,,,
0.85,name-prefix-variant,Ontario,Alpha Elite,,census-2026-07,Alpha Elite Sports Group,Mississauga,ontario-circuit-list,,,,
0.85,name-prefix-variant,Ontario,Blessed Sacrament Yellow Jackets,,oba-kml,Blessed Sacrament,Toronto,ontario-circuit-list,,,,
0.85,name-prefix-variant,Ontario,K9 Elite,,census-2026-07,K9 Elite Hoopers,,ontario-circuit-list,,,,
0.85,name-prefix-variant,Ontario,Hamilton Elite,Hamilton,"league-harvest,ontario-circuit-list",Hamilton Elite Team,Hamilton ON,contact-enrichment,,,,
0.85,name-prefix-variant,Ontario,Tru Balance,GTA (likely),"league-harvest,ontario-circuit-list",Tru Balance Hoops,GTA/Toronto ON,contact-enrichment,,,,
0.85,same-name-different-city,Ontario,West United,city unconfirmed,"census-2026-07,ontario-circuit-list,ontario-csv",West United Prep Academy,Halton (Oakville/Burlington) ON,contact-enrichment,,,,
0.85,name-prefix-variant,Ontario,Royal Crown Academic School,Scarborough,ontario-circuit-list,Royal Crown,,browser-sweep,https://torontobigleague.ca/standings,,,
0.85,name-prefix-variant,Ontario,HQ Prep / HQ Elite Canada,Hamilton,"contact-enrichment,ontario-circuit-list",HQ Prep,,browser-sweep,https://torontobigleague.ca/standings,,,
0.849,near-duplicate-name,Ontario,Toronto Chinese Basketball Association (TCBL/TCBA),Toronto/Markham,community-sweep,Toronto Lord Basketball Association,Toronto,browser-sweep,https://jr-nba.webflow.io/programs/toronto-lord-basketball-association-fall,,,
0.848,near-duplicate-name,Manitoba,Atlas Basketball,Winnipeg,census-2026-07,Attack Basketball,Winnipeg,census-2026-07,https://www.basketballmanitoba.ca/search/label/ClubDirectory,,,
0.848,near-duplicate-name,Ontario,Rise Basketball (Rise Fitness and Sports Training),Vernon,census-2026-07,Raiders Basketball,,census-2026-07,ontario census + enrichment 2026-07-18,,,
0.848,near-duplicate-name,Quebec,Association de Basketball Born Again (BABE),Montréal,census-2026-07,Association de Basketball Pagé (PAGÉ Basketball),Montréal (Villeray–Saint-Michel),census-2026-07,https://pagebasketball.com/histoire/,,,
0.848,near-duplicate-name,Quebec,Club de Basketball de Montréal-Nord (CBMN),Montréal (Montréal-Nord),census-2026-07,Club de Basketball Montréal-Est,Montréal-Est,census-2026-07,https://crer.me/club-sportif/basketball-montreal-est/,,,
0.848,near-duplicate-name,Ontario,Oakville Panthers,Oakville,"census-2026-07,league-harvest,ontario-circuit-list,ontario-csv",Oakville Anchors,Oakville,browser-sweep,https://www.tourneymachine.com/Public/Results/Division.aspx?IDTournament=h2026050420140144611ffbead9d704f&IDDivision=h202605042014014475d82cfbbd1f848,,,
0.844,same-name-different-city,Quebec,Académie Basketball — Cégep de Sherbrooke (Centre de l'activité physique),Sherbrooke,census-2026-07,Académie de Basketball LTL,Vaudreuil-Soulanges,census-2026-07,https://www.basketball.qc.ca/fr/page/clubs_et_organisations/ou_jouer.html,,,
0.842,near-duplicate-name,Manitoba,Junior Bison Boys Basketball Club,Winnipeg,census-2026-07,Junior Bisons Basketball (University of Manitoba),Winnipeg,census-2026-07,https://umanitoba.ca/junior-bisons/junior-bisons-basketball,,,
0.842,same-name-different-city,Quebec,Association de Basketball de Châteauguay (CBA Ravens),Châteauguay,census-2026-07,Association de Basketball de Lachine,Montréal (Lachine),census-2026-07,https://www.basketball.qc.ca/fr/page/reseau_basketball_quebec/montreal.html,distinct,auto-rule,both are census municipalities (Châteauguay / Montréal (Lachine)); kept separate - override if they are one club
0.842,same-name-different-city,Quebec,Association de Basketball de Lachine,Montréal (Lachine),census-2026-07,Association de Basketball de Saint-Bruno (ABSB),Saint-Bruno-de-Montarville,census-2026-07,https://absb.ca/association/,distinct,auto-rule,both are census municipalities (Montréal (Lachine) / Saint-Bruno-de-Montarville); kept separate - override if they are one club
0.84,same-name-different-city,Alberta,Calgary Basketball Academy (CBA),Calgary,census-2026-07,Climb Basketball Academy,Edmonton,census-2026-07,https://www.climbbasketball.ca/home,distinct,auto-rule,both are census municipalities (Calgary / Edmonton); kept separate - override if they are one club
0.84,same-name-different-city,British Columbia,BC Energy Basketball Club,Abbotsford,census-2026-07,BC United Basketball Club,North Vancouver,census-2026-07,https://basketball604.com/basketball-clubs/,distinct,auto-rule,both are census municipalities (Abbotsford / North Vancouver); kept separate - override if they are one club
0.839,same-name-different-city,Alberta,HPAD Basketball (Heritage Pack Athletic Development),Edmonton,census-2026-07,Hanna Basketball (Hanna Wildcats),Hanna,census-2026-07,https://abbasketball.ca/content/2022-2023-clubs-amp-community-groups-in-good-standing,,,
0.839,same-name-different-city,Manitoba,Junior Royals Basketball Club (Selkirk),Selkirk,census-2026-07,Junior Bison Boys Basketball Club,Winnipeg,census-2026-07,https://www.sportsengine.com/org/junior-bison-boys-basketball-club,distinct,auto-rule,both are census municipalities (Selkirk / Winnipeg); kept separate - override if they are one club
0.836,same-name-different-city,Saskatchewan,Biggar Jr. NBA community program (SKY Basketball),Biggar,census-2026-07,Battlefords Jr. NBA community program (SKY Basketball),North Battleford,census-2026-07,https://leagues.teamlinkt.com/skybasketball/Communities,,,
0.836,same-name-different-city,Saskatchewan,Tisdale Jr. NBA community program (SKY Basketball),Tisdale,census-2026-07,Turtleford Jr. NBA community program (SKY Basketball),Turtleford,census-2026-07,https://leagues.teamlinkt.com/skybasketball/Communities,,,
0.833,same-name-different-city,Manitoba,Junior Royals Basketball Club (Selkirk),Selkirk,census-2026-07,Junior Alliance Basketball Club,Winnipeg,census-2026-07,https://www.basketballmanitoba.ca/search/label/Club%20Tryouts?updated-max=2025-07-02T00:00:00-05:00&max-results=50,distinct,auto-rule,both are census municipalities (Selkirk / Winnipeg); kept separate - override if they are one club
0.833,same-name-different-city,Quebec,Club de Basketball Montréal-Est,Montréal-Est,census-2026-07,Club de Basketball de l'Ouest — CBO Cavaliers (Cavaliers Île-Perrot),Notre-Dame-de-l'Île-Perrot (Vaudreuil-Soulanges),census-2026-07,https://www.cavaliersbasketballouest.ca/programs,,,
0.833,same-name-different-city,Quebec,RSEQCE,Centre-du-Québec,census-2026-07,RSEQEQ,Rimouski,census-2026-07,Basketball Québec regional registry PDFs (mined 2026-07-18),,,
0.833,same-name-different-city,Quebec,RSEQCE,Centre-du-Québec,census-2026-07,RSEQCN,Sept-Îles,census-2026-07,Basketball Québec regional registry PDFs (mined 2026-07-18),,,
0.83,same-name-different-city,New Brunswick,Southern Victoria Basketball Club (Southern Victoria Minor Basketball Association),Perth-Andover,census-2026-07,South West Regional Minor Basketball Association,St. George,census-2026-07,https://www.basketball.nb.ca/content/find-a-club-association,,,
0.828,same-name-different-city,Ontario,Oakville Prep,Oakville,census-2026-07,Orangeville Prep,Orangeville,census-2026-07,ontario census + enrichment 2026-07-18,distinct,auto-rule,both are census municipalities (Oakville / Orangeville); kept separate - override if they are one club
0.828,same-name-different-city,Ontario,IEM Basketball,Newmarket/Aurora,"census-2026-07,community-sweep,municipal-directory,oba-kml,ontario-csv",IBSA Basketball,Hamilton,municipal-directory,https://www.sporthamilton.com/sport-clubs-basketball,,,
0.828,same-name-different-city,Ontario,JUMP Basketball,Mississauga/Brampton/Oakville/Milton/Burlington/Vaughan/Oshawa,"census-2026-07,contact-enrichment,municipal-directory,oba-kml,ontario-circuit-list,ontario-csv",J17 Basketball,"Markham (190 Allstate Pkwy #102, Markham, ON L3R 6H3)",browser-sweep,https://j17basketball.com/rep-teams,,,
0.827,same-name-different-city,Nova Scotia,Amherst Minor Basketball Association (AMBA),Amherst,census-2026-07,Antigonish Minor Basketball Association (AMBA),Antigonish,census-2026-07,https://basketballnovascotia.ca/content/member-clubs,,,
0.822,same-name-different-city,Alberta,South Stoney Basketball Association (Bobcats),Calgary,census-2026-07,Southeast Swarm Basketball Association (SEBA),Edmonton,census-2026-07,http://www.southeastbasketball.com/content/2025--26-program-information,distinct,auto-rule,both are census municipalities (Calgary / Edmonton); kept separate - override if they are one club
0.822,same-name-different-city,New Brunswick,River Valley Basketball Association (RVBA),Grand Bay-Westfield,census-2026-07,Riverview Minor Basketball Association (RMBA),Riverview,census-2026-07,https://www.rmba.ca/,,,
0.82,same-name-different-city,Quebec,Club de Basketball de l'Ouest — CBO Cavaliers (Cavaliers Île-Perrot),Notre-Dame-de-l'Île-Perrot (Vaudreuil-Soulanges),census-2026-07,Club de basketball de Chicoutimi (Noir et Or / Mustangs),Saguenay (Chicoutimi),census-2026-07,https://noiretor.com/Informations,distinct,auto-rule,both are census municipalities (Notre-Dame-de-l'Île-Perrot (Vaudreuil-Soulanges) / Saguenay (Chicoutimi)); kept separate - override if they are one club
0.818,same-name-different-city,Ontario,Scarborough Basketball Association (SBA),Scarborough,"census-2026-07,community-sweep,oba-kml",Stratford Basketball Association,Stratford,community-sweep,https://centraleastontario.cioc.ca/record/PER0736,,,
0.814,same-name-different-city,British Columbia,North Vancouver Basketball Club,North Vancouver,census-2026-07,North Surrey Basketball Club (NSBC),Surrey,census-2026-07,https://nsbc.ca/,distinct,auto-rule,both are census municipalities (North Vancouver / Surrey); kept separate - override if they are one club
0.812,same-name-different-city,Alberta,Dunks Basketball,Calgary,census-2026-07,Devon Basketball (Devon Spring Basketball),Devon,census-2026-07,https://devonbasketball.weebly.com/,distinct,auto-rule,both are census municipalities (Calgary / Devon); kept separate - override if they are one club
0.812,same-name-different-city,British Columbia,AIM Basketball,Burnaby,census-2026-07,Academy Basketball,Vancouver,census-2026-07,https://www.academybasketball.com/programs/nike-3-on-3-league,distinct,auto-rule,both are census municipalities (Burnaby / Vancouver); kept separate - override if they are one club
0.805,same-name-different-city,Quebec,Association de Basketball de Lanaudière (LANO),Repentigny,census-2026-07,Association de basketball de Trois-Rivières (ABBTR – Storm),Trois-Rivières,census-2026-07,https://www.basketball.qc.ca/fr/page/reseau_basketball_quebec/mauricie.html,distinct,auto-rule,both are census municipalities (Repentigny / Trois-Rivières); kept separate - override if they are one club
0.8,same-name-different-city,Alberta,ICONS Basketball Club,Calgary,census-2026-07,Infinity Basketball Club,La Crete,census-2026-07,https://www.aybc.ca/2020-club-members-1/infinity-basketball-club,,,
0.8,same-name-different-city,Alberta,Rustlers Girls Basketball,Acme / Linden,census-2026-07,Rustlers Youth Basketball (Lakeland College),Lloydminster,census-2026-07,http://rustlersyouthbasketball.ca/,,,
0.8,same-name-different-city,British Columbia,DRIVE Basketball,Surrey,census-2026-07,Dynamite Basketball,Vancouver,census-2026-07,https://basketball604.com/basketball-clubs/,distinct,auto-rule,both are census municipalities (Surrey / Vancouver); kept separate - override if they are one club
0.8,same-name-different-city,Quebec,RSEQO (Réseau du sport étudiant - Outaouais),Gatineau,census-2026-07,RSEQM (Réseau du sport étudiant - Mauricie),Trois-Rivières,census-2026-07,Basketball Québec regional registry PDFs (mined 2026-07-18),distinct,auto-rule,both are census municipalities (Gatineau / Trois-Rivières); kept separate - override if they are one club
0.8,same-name-different-city,Quebec,Club de basketball Bleu et Or (Jonquière),Saguenay (Jonquière),census-2026-07,Club de Basketball les Astéries,Victoriaville,census-2026-07,https://www.asteriebasketball.com/en/about,distinct,auto-rule,both are census municipalities (Saguenay (Jonquière) / Victoriaville); kept separate - override if they are one club
0.8,same-name-different-city,Saskatchewan,Kelvington Jr. NBA community program (SKY Basketball),Kelvington,census-2026-07,Kindersley Jr. NBA community program (SKY Basketball),Kindersley,census-2026-07,https://leagues.teamlinkt.com/skybasketball/Communities,,,
0.8,same-name-different-city,Ontario,Royal Crown School,Toronto,census-2026-07,Royal Crown Academic School,Scarborough,ontario-circuit-list,,,,
0.792,same-name-different-city,Newfoundland & Labrador,Gander Minor Basketball,Gander,census-2026-07,Paradise Minor Basketball,Paradise,census-2026-07,https://paradiseminorbasketball.ca/,distinct,auto-rule,both are census municipalities (Gander / Paradise); kept separate - override if they are one club
0.792,same-name-different-city,Newfoundland & Labrador,Paradise Minor Basketball,Paradise,census-2026-07,Torbay Minor Basketball,Torbay,census-2026-07,https://rocksports.ca/basketball/,distinct,auto-rule,both are census municipalities (Paradise / Torbay); kept separate - override if they are one club
0.79,same-name-different-city,British Columbia,South Langley Basketball Association,Langley,census-2026-07,South Vancouver Island Basketball Association (SVIBA),Victoria,census-2026-07,https://svibasketball.com/,distinct,auto-rule,both are census municipalities (Langley / Victoria); kept separate - override if they are one club
0.789,same-name-different-city,Quebec,Association de Basketball de Châteauguay (CBA Ravens),Châteauguay,census-2026-07,Association de Basketball Born Again (BABE),Montréal,census-2026-07,https://www.basketball.qc.ca/fr/page/reseau_basketball_quebec/montreal.html,distinct,auto-rule,both are census municipalities (Châteauguay / Montréal); kept separate - override if they are one club
0.788,same-name-different-city,Alberta,Titans Basketball (YYC),Calgary,census-2026-07,Taber Basketball,Taber,census-2026-07,https://abbasketball.ca/content/2022-2023-clubs-amp-community-groups-in-good-standing,distinct,auto-rule,both are census municipalities (Calgary / Taber); kept separate - override if they are one club
0.788,same-name-different-city,British Columbia,AIM Basketball,Burnaby,census-2026-07,Athelite Basketball,Surrey,census-2026-07,https://basketball604.com/basketball-clubs/,distinct,auto-rule,both are census municipalities (Burnaby / Surrey); kept separate - override if they are one club
0.788,same-name-different-city,British Columbia,Talib Basketball,North Vancouver,census-2026-07,Thrive Basketball,Surrey,census-2026-07,https://thrivebasketball.ca/,distinct,auto-rule,both are census municipalities (North Vancouver / Surrey); kept separate - override if they are one club
0.788,same-name-different-city,Quebec,EDEM Basketball,Québec City,census-2026-07,"Énergie Basketball (incl. Impact Basketball, Shawinigan Prep, Volts Basketball Féminin)",Shawinigan,census-2026-07,https://www.lenouvelliste.ca/2020/11/12/un-nouveau-programme-de-basket-voit-le-jour-a-shawinigan-d5ed24fb34138565313630a433673a69/,,,
0.788,same-name-different-city,Ontario,YMCA of Eastern Ontario Brockville,Brockville,browser-sweep,YMCA of Eastern Ontario Kingston,Kingston,browser-sweep,https://jr-nba.webflow.io/programs/ymca-of-eastern-ontario-kingston-fall,distinct,auto-rule,both are census municipalities (Brockville / Kingston); kept separate - override if they are one club
0.785,same-name-different-city,Ontario,North Toronto Basketball Association (NTBA),Toronto,"census-2026-07,community-sweep,contact-enrichment,league-harvest,oba-kml,ontario-circuit-list,ontario-csv","Northumberland Minor Basketball Association (formerly Lakeshore Minor Basketball Association, rebranded 2022)",Cobourg (house league Saturdays at Cobourg Collegiate Institute),gap-fill,https://www.northumberlandbasketball.ca/page/show/7488147-house-league-2025-26-,distinct,auto-rule,both are census municipalities (Toronto / Cobourg (house league Saturdays at Cobourg Collegiate Institute)); kept separate - override if they are one club
0.785,same-name-different-city,Ontario,Lindsay Wildcats,Lindsay,"gap-fill,oba-kml",London Wheelchair Basketball Association,London,211-cioc,https://211ontario.ca/service/97167940/london-wheelchair-basketball-association-london-wheelchair-basketball-association/,,,
0.779,same-name-different-city,Alberta,North East Basketball Association (NEBA),Edmonton,census-2026-07,Northern Trailblazers Basketball Association,Fort McMurray,census-2026-07,https://northerntrailblazers.com/index.php/about-us/,,,
0.779,same-name-different-city,Quebec,Unité régionale loisir et sport Côte-Nord,Baie-Comeau,census-2026-07,Unité régionale de loisir et sport du Centre-du-Québec,Drummondville,census-2026-07,Basketball Québec regional registry PDFs (mined 2026-07-18),distinct,auto-rule,both are census municipalities (Baie-Comeau / Drummondville); kept separate - override if they are one club
0.778,same-name-different-city,Alberta,Respect Basketball,Calgary,census-2026-07,Rockets Basketball (EYBA club),Edmonton,census-2026-07,http://eyba.ca/content/clubs,distinct,auto-rule,both are census municipalities (Calgary / Edmonton); kept separate - override if they are one club
0.778,same-name-different-city,British Columbia,Splash Basketball,North Vancouver,census-2026-07,Spotters Basketball,Surrey,census-2026-07,https://basketball604.com/basketball-clubs/,distinct,auto-rule,both are census municipalities (North Vancouver / Surrey); kept separate - override if they are one club
0.776,same-name-different-city,British Columbia,BC Energy Basketball Club,Abbotsford,census-2026-07,BC Swish Basketball Club,Coquitlam,census-2026-07,https://bcswishbasketballclub.com/,distinct,auto-rule,both are census municipalities (Abbotsford / Coquitlam); kept separate - override if they are one club
0.774,same-name-different-city,Quebec,Club de basketball Bleu et Or (Jonquière),Saguenay (Jonquière),census-2026-07,Club de basketball de St-Boniface,Saint-Boniface,census-2026-07,https://www.basketball.qc.ca/fr/page/reseau_basketball_quebec/mauricie.html,distinct,auto-rule,both are census municipalities (Saguenay (Jonquière) / Saint-Boniface); kept separate - override if they are one club
0.774,same-name-different-city,Quebec,Association de Basketball de Saint-Bruno (ABSB),Saint-Bruno-de-Montarville,census-2026-07,Association de basketball de Saint-Jean-sur-Richelieu (Basketball Riverains),Saint-Jean-sur-Richelieu,census-2026-07,https://www.basketballstjean.ca/,distinct,auto-rule,both are census municipalities (Saint-Bruno-de-Montarville / Saint-Jean-sur-Richelieu); kept separate - override if they are one club
0.773,same-name-different-city,Saskatchewan,Sask Sky Basketball,Regina,census-2026-07,Saskatoon SLAM Basketball,Saskatoon,census-2026-07,https://saskatoonslam.com/,distinct,auto-rule,both are census municipalities (Regina / Saskatoon); kept separate - override if they are one club
0.773,same-name-different-city,Ontario,Durham City Basketball,Ajax/Pickering/Whitby/Oshawa,"census-2026-07,community-sweep,oba-kml",Durham Basketball Club,Durham,league-harvest,https://www.cybl.ca/,,,
0.769,same-name-different-city,Alberta,SC Elite Basketball (South Central Elite Basketball Club),Airdrie,census-2026-07,Swan City Basketball,Grande Prairie,census-2026-07,http://www.swancitybasketball.ca/club-bball.html,distinct,auto-rule,both are census municipalities (Airdrie / Grande Prairie); kept separate - override if they are one club
0.769,same-name-different-city,Alberta,Southwest Basketball Association (SWBA),Edmonton,census-2026-07,Strathcona Basketball Association (SBA),Sherwood Park,census-2026-07,http://sbahoops.ca/,,,
0.769,same-name-different-city,Quebec,RSEQCN,Sept-Îles,census-2026-07,RSEQQCA,Ste-Foy,census-2026-07,Basketball Québec regional registry PDFs (mined 2026-07-18),,,
0.769,same-name-different-city,Quebec,Association de basketball Némésis (Nemesis Basketball),Terrebonne / Mascouche,census-2026-07,Association de Basketball Amateur des Basques,Trois-Pistoles,census-2026-07,https://www.basketball.qc.ca/fr/page/reseau_basketball_quebec/est-du-quebec.html,,,
0.766,same-name-different-city,Manitoba,Winkler Basketball Club,Winkler,census-2026-07,Westside Basketball Club,Winnipeg,census-2026-07,https://www.basketballmanitoba.ca/search/label/Club%20Tryouts?max-results=100,distinct,auto-rule,both are census municipalities (Winkler / Winnipeg); kept separate - override if they are one club
0.766,same-name-different-city,Quebec,Club de basketball jeunesse Saint-Lin-Laurentides (Titans),Saint-Lin-Laurentides,census-2026-07,Club de basketball Révolution des Laurentides,Terrebonne / Rosemère,census-2026-07,https://www.revolutionbasket.com/fr/index.html,,,
0.765,same-name-different-city,British Columbia,ELEVATE Basketball,Langley,census-2026-07,Excel Basketball,Port Coquitlam,census-2026-07,https://excelbasketball.com/,distinct,auto-rule,both are census municipalities (Langley / Port Coquitlam); kept separate - override if they are one club
0.764,same-name-different-city,British Columbia,Junior Coyotes Basketball,Kelowna,census-2026-07,Junior Timberwolves Basketball (UNBC),Prince George,census-2026-07,https://www.juniortimberwolves.com/,distinct,auto-rule,both are census municipalities (Kelowna / Prince George); kept separate - override if they are one club
0.762,same-name-different-city,New Brunswick,YMCA of Fredericton — Youth Basketball (Jr. NBA),Fredericton,census-2026-07,YMCA of Greater Moncton,Moncton,census-2026-07,https://moncton.ymca.ca/programs/child-youth-programs/,distinct,auto-rule,both are census municipalities (Fredericton / Moncton); kept separate - override if they are one club
0.762,same-name-different-city,Ontario,Burlington Basketball,Burlington,census-2026-07,Bordertown Basketball,Fort Erie/Niagara,census-2026-07,ontario census + enrichment 2026-07-18,,,
0.762,same-name-different-city,Quebec,Association du basketball mineur de Baie-Comeau,Baie-Comeau,census-2026-07,Association du Basketball de Rimouski (ABR),Rimouski,census-2026-07,https://app2.sygaction.com/associationdubasketballderimouski/,distinct,auto-rule,both are census municipalities (Baie-Comeau / Rimouski); kept separate - override if they are one club
0.756,same-name-different-city,Saskatchewan,Martensville Basketball (City of Martensville Recreation / Martensville Thunder),Martensville,census-2026-07,Masterpiece Basketball (Masterpiece Camps),Regina,census-2026-07,https://www.masterpiececamps.com/about,distinct,auto-rule,both are census municipalities (Martensville / Regina); kept separate - override if they are one club
0.755,same-name-different-city,Quebec,Club de Basket-ball Jonquière,Jonquière,census-2026-07,Club de basketball Magog,Magog,census-2026-07,https://www.basketballmagog.com/2025-2026,,,
0.754,same-name-different-city,Quebec,Club de basketball Drummondville,Drummondville,census-2026-07,Club de Basket-ball Jonquière,Jonquière,census-2026-07,Basketball Québec regional registry PDFs (mined 2026-07-18),,,
0.746,same-name-different-city,Quebec,Club de basketball de St-Boniface,Saint-Boniface,census-2026-07,Club de Basketball Saint-Hyacinthe (STH) / V-Kings de Saint-Hyacinthe (formerly Vikings),Saint-Hyacinthe,census-2026-07,https://www.basketball.qc.ca/fr/page/reseau_basketball_quebec/richelieu-yamaska.html,distinct,auto-rule,both are census municipalities (Saint-Boniface / Saint-Hyacinthe); kept separate - override if they are one club
0.742,same-name-different-city,Quebec,École secondaire Jean-de-Brébeuf,Limoilou,census-2026-07,École secondaire Saint-Gabriel (CSSMI),Sainte-Thérèse QC,contact-enrichment,,,,
0.737,same-name-different-city,British Columbia,Splash Basketball,North Vancouver,census-2026-07,Strathcona Basketball,Vancouver,census-2026-07,https://basketball604.com/basketball-clubs/,distinct,auto-rule,both are census municipalities (North Vancouver / Vancouver); kept separate - override if they are one club
0.737,same-name-different-city,Manitoba,Prairie Basketball League (PBL) / PBL Select,Niverville area (Eastman/Central region),census-2026-07,Prairie Elite Basketball Academy,Winkler,census-2026-07,https://www.basketballmanitoba.ca/2018/11/prairie-elite-basketball-academy.html,,,
0.735,same-name-different-city,British Columbia,VanCity Basketball Academy,North Vancouver,census-2026-07,Vancity Prep Basketball,Surrey,census-2026-07,https://basketball604.com/basketball-clubs/,distinct,auto-rule,both are census municipalities (North Vancouver / Surrey); kept separate - override if they are one club
0.732,same-name-different-city,British Columbia,Vic City Basketball,Esquimalt,census-2026-07,Vic Howlers Basketball,Victoria,census-2026-07,https://vichowlers.ca/,distinct,auto-rule,both are census municipalities (Esquimalt / Victoria); kept separate - override if they are one club
0.732,same-name-different-city,Ontario,Grassroots Niagara,Niagara,census-2026-07,Grassroots Elite Canada,Ontario-wide,census-2026-07,ontario census + enrichment 2026-07-18,,,
0.732,same-name-different-city,Quebec,Académie des Lions inc.,Candiac / Delson / La Prairie,census-2026-07,Académie De La Cité (École De La Cité),Gatineau,census-2026-07,https://www.basketball.qc.ca/fr/page/reseau_basketball_quebec/outaouais.html,,,
0.727,same-name-different-city,Quebec,RSEQCE,Centre-du-Québec,census-2026-07,RSEQO (Réseau du sport étudiant - Outaouais),Gatineau,census-2026-07,Basketball Québec regional registry PDFs (mined 2026-07-18),,,
0.727,same-name-different-city,Quebec,RSEQO (Réseau du sport étudiant - Outaouais),Gatineau,census-2026-07,RSEQLL,Sainte-Thérèse,census-2026-07,Basketball Québec regional registry PDFs (mined 2026-07-18),distinct,auto-rule,both are census municipalities (Gatineau / Sainte-Thérèse); kept separate - override if they are one club
0.727,same-name-different-city,Ontario,St. Jude's Prep,Mississauga,ontario-circuit-list,St Judes,"likely parish/school-affiliated, name suggests a Catholic parish/school team",browser-sweep,https://torontobigleague.ca/standings,,,
0.724,same-name-different-city,Saskatchewan,Moose Jaw Spartans (Spartans Club Basketball),Moose Jaw,census-2026-07,Moosomin Basketball Club,Moosomin,census-2026-07,https://www.basketballsask.com/member-organizations/currentmembers,,,
0.723,same-name-different-city,British Columbia,JR Cascades Basketball (UFV),Abbotsford,census-2026-07,Junior Coyotes Basketball,Kelowna,census-2026-07,https://www.gocoyotes.ca/,distinct,auto-rule,both are census municipalities (Abbotsford / Kelowna); kept separate - override if they are one club
0.723,same-name-different-city,British Columbia,West Coast Swish Basketball,Abbotsford,census-2026-07,Westshore Basketball (Westshore Basketball Association),Langford,census-2026-07,https://www.westshorebasketball.com/,distinct,auto-rule,both are census municipalities (Abbotsford / Langford); kept separate - override if they are one club
0.722,same-name-different-city,Alberta,Rockets Basketball (EYBA club),Edmonton,census-2026-07,Raymond Basketball,Raymond,census-2026-07,http://www.abbasketball.ca/content/association-amp-club-listing,,,
0.719,same-name-different-city,Quebec,Club de Basket-ball Jonquière,Jonquière,census-2026-07,Club de Basketball de Montréal-Nord (CBMN),Montréal (Montréal-Nord),census-2026-07,https://www.zeffy.com/en-US/ticketing/adhesions-de-club-de-basketball-de-montral-nord-cbmn--2025,,,
0.714,same-name-different-city,Ontario,Durham City Basketball,Ajax/Pickering/Whitby/Oshawa,"census-2026-07,community-sweep,oba-kml",Durham City Bulldogs,Durham,league-harvest,https://www.cybl.ca/,,,
0.71,same-name-different-city,Newfoundland & Labrador,Central Wolves,Central NL,census-2026-07,Central Athletics,Grand Falls-Windsor,census-2026-07,https://www.facebook.com/people/Central-Athletics/61565938269237/,,,
0.706,same-name-different-city,British Columbia,West Coast Basketball,Surrey,census-2026-07,West Vancouver Basketball Club (WVBC),West Vancouver,census-2026-07,https://www.wvbc.ca/,distinct,auto-rule,both are census municipalities (Surrey / West Vancouver); kept separate - override if they are one club
0.706,same-name-different-city,Quebec,Académie De La Cité (École De La Cité),Gatineau,census-2026-07,Académie d'Alma (Alma Prep),Alma QC,contact-enrichment,,,,
0.706,same-name-different-city,Quebec,Amazones Basketball,Laval,census-2026-07,AGBU basketball (Armenian General Benevolent Union),Montréal,quebec-sweep,https://qybl.ca/,distinct,auto-rule,both are census municipalities (Laval / Montréal); kept separate - override if they are one club
0.703,same-name-different-city,British Columbia,Mission Basketball,Mission,census-2026-07,MacHoops Basketball,Richmond,census-2026-07,https://basketball604.com/basketball-clubs/,distinct,auto-rule,both are census municipalities (Mission / Richmond); kept separate - override if they are one club
0.698,same-name-different-city,Saskatchewan,Sask Sky Basketball,Regina,census-2026-07,SaskHomeCourt Basketball,Saskatoon,census-2026-07,https://www.saskhomecourt.com/summerleague,distinct,auto-rule,both are census municipalities (Regina / Saskatoon); kept separate - override if they are one club
0.696,same-name-different-city,Alberta,Rockets Basketball (EYBA club),Edmonton,census-2026-07,Rocky Rapids Basketball Club,Rocky Mountain House,census-2026-07,https://www.rockyrapidsbball.com/,distinct,auto-rule,both are census municipalities (Edmonton / Rocky Mountain House); kept separate - override if they are one club
0.696,same-name-different-city,Saskatchewan,Regina Community Basketball Association (RCBA),Regina,census-2026-07,Rosewood Community Association — Youth Basketball,Saskatoon,census-2026-07,https://www.myrosewood.ca/basketball.html,distinct,auto-rule,both are census municipalities (Regina / Saskatoon); kept separate - override if they are one club
0.688,same-name-different-city,British Columbia,North Delta Basketball Association (NDBA),Delta (North Delta),census-2026-07,North Shore Basketball Academy,North Vancouver,census-2026-07,https://www.northshorebasketballacademy.com/,distinct,auto-rule,both are census municipalities (Delta (North Delta) / North Vancouver); kept separate - override if they are one club
0.684,same-name-different-city,Alberta,ACE Basketball (formerly Gotham Basketball Academy / Gotham Hoops),Calgary,census-2026-07,AB Elite Basketball Club,Camrose,census-2026-07,https://www.abbasketball.ca/content/Alberta-Club-Map,distinct,auto-rule,both are census municipalities (Calgary / Camrose); kept separate - override if they are one club
0.684,same-name-different-city,British Columbia,TransCanada Basketball (TC Athletics),Chilliwack,census-2026-07,Talib Basketball,North Vancouver,census-2026-07,https://basketball604.com/basketball-clubs/,distinct,auto-rule,both are census municipalities (Chilliwack / North Vancouver); kept separate - override if they are one club
0.682,same-name-different-city,Alberta,Swan City Basketball,Grande Prairie,census-2026-07,Splash Canada Basketball,Red Deer,census-2026-07,https://www.splashcanadabasketball.com/,distinct,auto-rule,both are census municipalities (Grande Prairie / Red Deer); kept separate - override if they are one club
0.682,same-name-different-city,Ontario,Toronto Athletic Camps,North York,browser-sweep,Trent Athletics Centre,Peterborough,browser-sweep,https://jr-nba.webflow.io/programs/trent-athletics-centre-fall,,,
0.676,same-name-different-city,Quebec,Club de Basket-ball Jonquière,Jonquière,census-2026-07,Club de Basket-ball Panthers de Sherbrooke (Panthers Basketball),Sherbrooke,census-2026-07,https://pantherssherbrooke.com/,,,
0.675,same-name-different-city,Quebec,Club de Basketball Saint-Hyacinthe (STH) / V-Kings de Saint-Hyacinthe (formerly Vikings),Saint-Hyacinthe,census-2026-07,Club de basketball jeunesse Saint-Lin-Laurentides (Titans),Saint-Lin-Laurentides,census-2026-07,https://titanbasketballstlin.com,distinct,auto-rule,both are census municipalities (Saint-Hyacinthe / Saint-Lin-Laurentides); kept separate - override if they are one club
0.667,same-name-different-city,British Columbia,Vancity Prep Basketball,Surrey,census-2026-07,Vancouver Aces Basketball,Vancouver,census-2026-07,https://basketball604.com/basketball-clubs/,distinct,auto-rule,both are census municipalities (Surrey / Vancouver); kept separate - override if they are one club
0.667,same-name-different-city,Ontario,North Region Basketball Association (NRBA),Toronto (GTA-wide),"census-2026-07,community-sweep,oba-kml",North Bay Basketball Academy,North Bay,ontario-circuit-list,,distinct,auto-rule,both are census municipalities (Toronto (GTA-wide) / North Bay); kept separate - override if they are one club
0.667,same-name-different-city,Ontario,Little Hoopers (New Tecumseth Jr NBA Basketball Program),Alliston,gap-fill,Little Dribblers,Brampton,browser-sweep,https://jr-nba.webflow.io/programs/little-dribblers-fall,,,
0.656,same-name-different-city,Newfoundland & Labrador,River Ratz Basketball Association (Aspire Recreation / North River Recreation),North River,census-2026-07,Riverside Raptors Basketball,Newfoundland & Labrador,census-2026-07,https://www.newfoundlandlabradorbasketball.com/membership,,,
0.655,same-name-different-city,Quebec,Club de Basket-ball Jonquière,Jonquière,census-2026-07,Club de Basket Québec 3x3 inc.,Québec City,census-2026-07,https://www.basketball.qc.ca/fr/page/reseau_basketball_quebec/quebecchaudiere-appalaches.html,,,
0.651,same-name-different-city,Saskatchewan,Sask Sky Basketball,Regina,census-2026-07,Stutter Steps Basketball,Saskatoon,census-2026-07,https://www.basketballsask.com/member-organizations/currentmembers,distinct,auto-rule,both are census municipalities (Regina / Saskatoon); kept separate - override if they are one club
0.65,same-name-different-city,British Columbia,JR Cascades Basketball (UFV),Abbotsford,census-2026-07,JR Basketball Club,Langley,census-2026-07,https://basketball604.com/basketball-clubs/,distinct,auto-rule,both are census municipalities (Abbotsford / Langley); kept separate - override if they are one club
0.65,same-name-different-city,British Columbia,NBN Basketball (Nothin' but Net),"Kaleden (serves Penticton, Oliver, Summerland)",census-2026-07,NV Ballers Basketball Club (N.W. Sports Club Society),North Vancouver,census-2026-07,https://nwsportsclub.ca/ballers-basketball,,,
0.65,same-name-different-city,British Columbia,Fastbreak Basketball BC,Burnaby,census-2026-07,Flight Basketball (Flight Basketball Academy),Victoria,census-2026-07,https://www.flightbasketball.ca/,distinct,auto-rule,both are census municipalities (Burnaby / Victoria); kept separate - override if they are one club
0.649,same-name-different-city,Nova Scotia,Kings Minor Basketball Association (KMBA Gators),Berwick / Coldbrook (western Kings County),census-2026-07,Kingston Greenwood Minor Basketball Club,Kingston / Greenwood,census-2026-07,https://basketballnovascotia.ca/content/member-clubs,,,
0.649,same-name-different-city,Quebec,Académie de Basketball LTL,Vaudreuil-Soulanges,census-2026-07,Académie de Basketball Zone / Zone Basketball Academy,Greater Montréal,quebec-sweep,https://zonebasketball.ca/,,,
0.638,same-name-different-city,British Columbia,Fastbreak Basketball BC,Burnaby,census-2026-07,Future Bounce Basketball,Vancouver,census-2026-07,https://basketball604.com/basketball-clubs/,distinct,auto-rule,both are census municipalities (Burnaby / Vancouver); kept separate - override if they are one club
0.636,same-name-different-city,Ontario,IEM Aurora,Aurora,league-harvest,IEM Spartans,York Region (IEM),league-harvest,https://basketball.exposureevents.com/253193/phoenix-basketball-winter-league/teams,,,
0.632,same-name-different-city,British Columbia,Shockers Basketball Academy,Kelowna,census-2026-07,Seymour Basketball Association (Seymour Steve Nash Youth Basketball),North Vancouver,census-2026-07,https://www.vancouversports.com/basketball/seymour-steve-nash-youth-basketball.php,distinct,auto-rule,both are census municipalities (Kelowna / North Vancouver); kept separate - override if they are one club
0.632,same-name-different-city,Newfoundland & Labrador,Outer Cove Basketball,Outer Cove,census-2026-07,Avalon Basketball (Avalon Basketball Association / 709 Basketball),St. John's,census-2026-07,https://www.newfoundlandlabradorbasketball.com/minor-clubs,,,
0.632,same-name-different-city,Ontario,Toronto Phantoms,Toronto,league-harvest,Toronto Athletic Camps,North York,browser-sweep,https://jr-nba.webflow.io/programs/toronto-athletic-camps-fall,,,
0.63,same-name-different-city,Quebec,Club de Basket-ball Jonquière,Jonquière,census-2026-07,Club de basketball Les Tornades de Longueuil,Longueuil,census-2026-07,https://tornades.org/,,,
0.627,same-name-different-city,British Columbia,Sevenfold Sport Basketball,Abbotsford,census-2026-07,Shooting Stars Basketball,Richmond,census-2026-07,https://basketball.bc.ca/clubs/member-clubs-2025-26/,distinct,auto-rule,both are census municipalities (Abbotsford / Richmond); kept separate - override if they are one club
0.625,same-name-different-city,British Columbia,Shooting Stars Basketball,Richmond,census-2026-07,Split Second Basketball,Vancouver,census-2026-07,https://www.splitsecondbasketball.com/club-teams-1,distinct,auto-rule,both are census municipalities (Richmond / Vancouver); kept separate - override if they are one club
0.615,same-name-different-city,Quebec,Académie des Lions inc.,Candiac / Delson / La Prairie,census-2026-07,Académie Basketball Outaouais (ABO),Gatineau,census-2026-07,https://aboutaouais.ca/en/,,,
0.615,same-name-different-city,Ontario,North Bay Spartans,North Bay ON,"contact-enrichment,gap-fill,municipal-directory,oba-kml",North Ballers Corp,Mississauga,browser-sweep,https://jr-nba.webflow.io/programs/north-ballers-corp-fall,,,
0.613,same-name-different-city,British Columbia,West Coast Basketball,Surrey,census-2026-07,West Kelowna Youth Basketball Association (West K Hoops),West Kelowna,census-2026-07,https://westkhoops.ca/,distinct,auto-rule,both are census municipalities (Surrey / West Kelowna); kept separate - override if they are one club
0.606,same-name-different-city,British Columbia,Vic City Basketball,Esquimalt,census-2026-07,Vic City Hoops (vCity Hoops),Victoria,census-2026-07,https://sites.google.com/view/viccityhoops,distinct,auto-rule,both are census municipalities (Esquimalt / Victoria); kept separate - override if they are one club
0.604,same-name-different-city,Alberta,Open Basketball Academy,Edmonton,census-2026-07,Okotoks Basketball Association (OBA Rockies),Okotoks,census-2026-07,https://okotoksbasketball.ca/,distinct,auto-rule,both are census municipalities (Edmonton / Okotoks); kept separate - override if they are one club
0.604,same-name-different-city,Ontario,Rumi Basketball Academy,Oshawa/Whitby/Durham,"census-2026-07,oba-kml,ontario-csv",Rexdale Basketball Association,Rexdale,browser-sweep,https://jr-nba.webflow.io/programs/rexdale-basketball-association-fall,,,
0.6,same-name-different-city,Alberta,Coaldale Basketball Club (Coaldale Chaos),Coaldale,census-2026-07,Coalhurst Minor Basketball,Coalhurst,census-2026-07,https://www.aybc.ca/2020-club-members-1/coalhurst-minor-basketball,,,
0.6,same-name-different-city,British Columbia,North Shore Basketball Academy,North Vancouver,census-2026-07,Northern Bounce Sports Academy,Prince George (HQ) + Kamloops division,census-2026-07,https://northernbounce.com/,,,
0.586,same-name-different-city,Alberta,Calgary Chinooks Basketball,Calgary,census-2026-07,Capital City Basketball Academy,Edmonton,census-2026-07,https://www.capcitybballacademy.ca/,distinct,auto-rule,both are census municipalities (Calgary / Edmonton); kept separate - override if they are one club
0.586,same-name-different-city,Quebec,Académie De La Cité (École De La Cité),Gatineau,census-2026-07,Académie Féminine Tempête de l'Arctique — ASLA Basketball,Terrebonne,census-2026-07,https://www.basketball.qc.ca/fr/page/reseau_basketball_quebec/lanaudiere.html,distinct,auto-rule,both are census municipalities (Gatineau / Terrebonne); kept separate - override if they are one club
0.582,same-name-different-city,Newfoundland & Labrador,Conception Bay North Minor Basketball,Bay Roberts / Conception Bay North area,census-2026-07,Conception Bay Seeds Youth Initiatives Inc. (CB Seeds Youth Basketball),Conception Bay Centre (Holyrood/Avondale area communities),census-2026-07,https://www.cbseeds.ca/,,,
0.582,same-name-different-city,Quebec,BFGS Basketball Academy (Overcomers),Fort-Coulonge,census-2026-07,Brookwood Basketball Association,Montréal (Pierrefonds-Roxboro),census-2026-07,http://www.brookwoodbasketball.org/,,,
0.58,same-name-different-city,Alberta,Leduc & County Basketball Association (LCBA / Leduc Lightning),Leduc,census-2026-07,Lethbridge Cougars Basketball Club,Lethbridge,census-2026-07,https://lethbridgecougars.ca/lcbc/,distinct,auto-rule,both are census municipalities (Leduc / Lethbridge); kept separate - override if they are one club
0.58,same-name-different-city,Quebec,Institut de développement sportif de Québec,Lac-Beauport,census-2026-07,Institut de Sport Dynastie,Montreal/Laval QC,contact-enrichment,,,,
0.576,same-name-different-city,Alberta,Bow River South Basketball Association,Calgary,census-2026-07,Bow Valley Basketball,Canmore,census-2026-07,https://www.bowvalleybasketball.com/about,distinct,auto-rule,both are census municipalities (Calgary / Canmore); kept separate - override if they are one club
0.571,same-name-different-city,Alberta,Red Star Basketball,Calgary,census-2026-07,Red Deer Minor Basketball Association (RDMBA),Red Deer,census-2026-07,https://rdnewsnow.com/2025/06/26/hooped-red-deer-minor-basketball-announces-closure/,distinct,auto-rule,both are census municipalities (Calgary / Red Deer); kept separate - override if they are one club
0.571,same-name-different-city,Ontario,All Star Ballers 705,Innisfil,gap-fill,HOOPS All-Star Basketball Inc.,Sarnia,municipal-directory,https://hoopsallstar.ca/home/,distinct,auto-rule,both are census municipalities (Innisfil / Sarnia); kept separate - override if they are one club
0.568,same-name-different-city,Saskatchewan,Stonebridge Community Association — Basketball,Saskatoon,census-2026-07,Swift Current Minor Basketball (Swift Current Surge),Swift Current,census-2026-07,https://www.swiftcurrentsurge.ca/,distinct,auto-rule,both are census municipalities (Saskatoon / Swift Current); kept separate - override if they are one club
0.565,same-name-different-city,British Columbia,West Coast Swish Basketball,Abbotsford,census-2026-07,West Coast Training,North Vancouver,census-2026-07,https://basketball604.com/basketball-clubs/,distinct,auto-rule,both are census municipalities (Abbotsford / North Vancouver); kept separate - override if they are one club
0.564,same-name-different-city,Ontario,Kingston Impact,Kingston,census-2026-07,Kitchener Impact Academy,Kitchener,census-2026-07,ontario census + enrichment 2026-07-18,distinct,auto-rule,both are census municipalities (Kingston / Kitchener); kept separate - override if they are one club
0.562,same-name-different-city,Alberta,"RISE Basketball / RISE Sports Complex (Team Rise Collective Inc., 'Rise Up Hoops')",Calgary,census-2026-07,Rise Above Basketball Academy,Grande Prairie,census-2026-07,https://riseabovebasketballacademy.ca/,distinct,auto-rule,both are census municipalities (Calgary / Grande Prairie); kept separate - override if they are one club
0.56,same-name-different-city,Quebec,Académie De La Cité (École De La Cité),Gatineau,census-2026-07,"Académie Les Estacades ""5 Majeur""",Trois-Rivières,census-2026-07,Basketball Québec regional registry PDFs (mined 2026-07-18),distinct,auto-rule,both are census municipalities (Gatineau / Trois-Rivières); kept separate - override if they are one club
0.559,same-name-different-city,Manitoba,Southeast Storm Basketball (Southeast Community Storm Basketball),Steinbach,census-2026-07,South Winnipeg Community Centre (SWCC) — Basketball,Winnipeg,census-2026-07,https://swcc1.ca/basketball/,distinct,auto-rule,both are census municipalities (Steinbach / Winnipeg); kept separate - override if they are one club
0.556,same-name-different-city,Ontario,BGC Peel (Boys and Girls Club of Peel),Mississauga/Brampton/Caledon,community-sweep,BGC London,London,community-sweep,https://www.bgclondon.ca/,,,
0.556,same-name-different-city,Ontario,Father John Redmond,Etobicoke,census-2026-07,Father Henry Carr,Toronto (Rexdale),ontario-circuit-list,,,,
0.553,same-name-different-city,Ontario,YMCA of Eastern Ontario Kingston,Kingston,browser-sweep,YMCA of Timmins,Timmins,browser-sweep,https://jr-nba.webflow.io/programs/ymca-of-timmins-fall,distinct,auto-rule,both are census municipalities (Kingston / Timmins); kept separate - override if they are one club
0.545,same-name-different-city,Alberta,Northwest Bulldogs,Calgary,census-2026-07,Northside Hoops,Edmonton,census-2026-07,https://www.abbasketball.ca/content/northside-hoops,distinct,auto-rule,both are census municipalities (Calgary / Edmonton); kept separate - override if they are one club
0.545,same-name-different-city,Alberta,Fort McMurray Basketball Academy,Fort McMurray,census-2026-07,Fort Saskatchewan Youth Basketball (FSYB),Fort Saskatchewan,census-2026-07,https://www.fsybasketball.com/About-Us,,,
0.545,same-name-different-city,Ontario,IEM Aurora,Aurora,league-harvest,IEM Bradford,Bradford,league-harvest,https://www.iembasketball.com/clubLeagueInfo.php,,,
0.542,same-name-different-city,British Columbia,Shooting Stars Basketball,Richmond,census-2026-07,Salt Spring Basketball Association,Salt Spring Island,census-2026-07,https://saltspringbasketball.ca/,,,
0.535,same-name-different-city,British Columbia,South Cariboo Basketball Association,100 Mile House,census-2026-07,South Burnaby Metro Club (SBMC) Basketball,Burnaby,census-2026-07,https://basketball.southburnabymetroclub.com/,,,
0.533,same-name-different-city,New Brunswick,Jr. Freeze (Fredericton Junior Freeze),Fredericton,census-2026-07,Jr. Fog (Port City Fog junior program),Saint John,census-2026-07,https://www.basketball.nb.ca/content/find-a-club-association,distinct,auto-rule,both are census municipalities (Fredericton / Saint John); kept separate - override if they are one club
0.531,same-name-different-city,Newfoundland & Labrador,Gander Minor Basketball,Gander,census-2026-07,Rock Elite Basketball Club,St. John's,census-2026-07,https://rocksports.ca/basketball/,distinct,auto-rule,both are census municipalities (Gander / St. John's); kept separate - override if they are one club
0.529,same-name-different-city,Ontario,IEM Basketball,Newmarket/Aurora,"census-2026-07,community-sweep,oba-kml",IEM East Gwillimbury,East Gwillimbury,league-harvest,https://www.iembasketball.com/clubLeagueInfo.php,,,
0.522,same-name-different-city,Quebec,Phénix Basketball (Mini-Basket Phénix / Phénix de Nicolas-Gatineau),Gatineau,census-2026-07,Phénix (basketball),Lac-Saint-Joseph,census-2026-07,https://www.basketball.qc.ca/fr/page/reseau_basketball_quebec/quebecchaudiere-appalaches.html,,,
0.522,same-name-different-city,Ontario,IEM Newmarket,Newmarket,league-harvest,IEM Aurora,Aurora,league-harvest,https://www.iembasketball.com/clubLeagueInfo.php,distinct,auto-rule,both are census municipalities (Newmarket / Aurora); kept separate - override if they are one club
0.519,same-name-different-city,Ontario,IEM Newmarket,Newmarket,league-harvest,IEM North York,North York,league-harvest,https://www.iembasketball.com/clubLeagueInfo.php,,,
0.519,same-name-different-city,Ontario,Cambridge Athletic Club (CAC) Youth Basketball,Cambridge,community-sweep,Cambridge International Academy,Whitby (300 Water St),ontario-circuit-list,,distinct,auto-rule,both are census municipalities (Cambridge / Whitby (300 Water St)); kept separate - override if they are one club
0.519,same-name-different-city,Ontario,CALI Prep Academy,Pickering,ontario-circuit-list,Colts Prep (Bill Crothers SS),Markham (Unionville),ontario-circuit-list,,distinct,auto-rule,both are census municipalities (Pickering / Markham (Unionville)); kept separate - override if they are one club
0.513,same-name-different-city,Ontario,Royal Crown School,Toronto,census-2026-07,Royal City Basketball,Guelph (Royal City = Guelph nickname),league-harvest,https://basketball.exposureevents.com/264611/phoenix-basketball-spring-league-2026/teams,distinct,auto-rule,both are census municipalities (Toronto / Guelph (Royal City = Guelph nickname)); kept separate - override if they are one club
0.51,same-name-different-city,Alberta,Northwest Bulldogs,Calgary,census-2026-07,North East Basketball Association (NEBA),Edmonton,census-2026-07,http://northeastbasketball.com/,distinct,auto-rule,both are census municipalities (Calgary / Edmonton); kept separate - override if they are one club
0.507,same-name-different-city,Ontario,University Settlement Basketball,Toronto,"census-2026-07,ontario-csv",Uxbridge Spartan Basketball Association (USBA),Uxbridge,municipal-directory,https://uxbridgespartanbasketball.sportngin.com/board,distinct,auto-rule,both are census municipalities (Toronto / Uxbridge); kept separate - override if they are one club
0.5,same-name-different-city,British Columbia,TC North Basketball Academy,Coquitlam,census-2026-07,Thunder Nation Basketball,Victoria,census-2026-07,https://playsport.com/thundernationbasketball_ag_cf54630b,distinct,auto-rule,both are census municipalities (Coquitlam / Victoria); kept separate - override if they are one club
0.5,same-name-different-city,Ontario,North York Lions,North York,census-2026-07,North Toronto Basketball Association (NTBA),Toronto,census-2026-07,ontario census + enrichment 2026-07-18,,,
0.5,same-name-different-city,Quebec,Association de Basketball de Châteauguay (CBA Ravens),Châteauguay,census-2026-07,Club de basketball Drummondville,Drummondville,census-2026-07,http://www.basketball.qc.ca/fr/page/reseau_basketball_quebec/centre-du-quebec.html,distinct,auto-rule,both are census municipalities (Châteauguay / Drummondville); kept separate - override if they are one club
0.5,same-name-different-city,Quebec,RSEQO (Réseau du sport étudiant - Outaouais),Gatineau,census-2026-07,RSEQ Montérégie,Richelieu-Yamaska,census-2026-07,Basketball Québec regional registry PDFs (mined 2026-07-18),,,
0.5,same-name-different-city,Ontario,BGC London,London,community-sweep,BGC Ottawa (Boys and Girls Club of Ottawa),Ottawa,community-sweep,https://cneo-nceo.ca/record/68968305/,distinct,auto-rule,both are census municipalities (London / Ottawa); kept separate - override if they are one club
0.5,same-name-different-city,Ontario,IEM Alpha Elite,Newmarket/York Region (IEM),league-harvest,IEM King City,King City,league-harvest,https://www.iembasketball.com/clubLeagueInfo.php,,,
0.49,same-name-different-city,British Columbia,Jump Play Learn Canada,Vancouver,census-2026-07,Jumpshot Basketball Academy (Titans Basketball Club; also operates as Bears Basketball Academy),Victoria,census-2026-07,https://www.jumpshotbasketball.org/,distinct,auto-rule,both are census municipalities (Vancouver / Victoria); kept separate - override if they are one club
0.49,same-name-different-city,Quebec,Les Ballons Intensifs (LBI),"Montréal (Pointe-aux-Trembles, Montréal-Nord, LaSalle)",census-2026-07,Club basketball Les Astéries,Victoriaville,census-2026-07,Basketball Québec regional registry PDFs (mined 2026-07-18),distinct,auto-rule,"both are census municipalities (Montréal (Pointe-aux-Trembles, Montréal-Nord, LaSalle) / Victoriaville); kept separate - override if they are one club"
0.486,same-name-different-city,Ontario,Centre Wellington Celtics,Fergus/Elora,census-2026-07,Central Tech,Toronto,census-2026-07,ontario census + enrichment 2026-07-18,,,
0.476,same-name-different-city,Ontario,Kingston Impact,Kingston,census-2026-07,King's Christian Collegiate,Oakville,census-2026-07,ontario census + enrichment 2026-07-18,distinct,auto-rule,both are census municipalities (Kingston / Oakville); kept separate - override if they are one club
0.474,same-name-different-city,Alberta,AB Elite Basketball Club,Camrose,census-2026-07,AL Elite Hoops,Edmonton,census-2026-07,https://alelitehoops.ca/,distinct,auto-rule,both are census municipalities (Camrose / Edmonton); kept separate - override if they are one club
0.474,same-name-different-city,British Columbia,Fastbreak Basketball BC,Burnaby,census-2026-07,Fundamentals BC (Fundamentals Basketball Club),Surrey,census-2026-07,https://www.fundamentalsbc.com/,distinct,auto-rule,both are census municipalities (Burnaby / Surrey); kept separate - override if they are one club
0.467,same-name-different-city,British Columbia,Northside Attack Athletics,Burnaby,census-2026-07,North Delta Basketball Association (NDBA),Delta (North Delta),census-2026-07,https://deltabasketball.com/,distinct,auto-rule,both are census municipalities (Burnaby / Delta (North Delta)); kept separate - override if they are one club
0.462,same-name-different-city,Ontario,Waterloo Wildhawks,Waterloo,census-2026-07,Whitby Wildcat Sports,Whitby/Oshawa/Ajax,census-2026-07,ontario census + enrichment 2026-07-18,,,
0.462,same-name-different-city,Ontario,City Above Elite,Vaughan/North York ON,"census-2026-07,contact-enrichment,league-harvest,ontario-circuit-list,ontario-csv",City of Elliot Lake Youth Basketball (Collins Hall),Elliot Lake,gap-fill,https://www.elliotlaketoday.com/local-news/registration-opens-for-youth-basketball-at-collins-hall-11197141,,,
0.459,same-name-different-city,British Columbia,Next Gen Training Basketball Academy (Genesis Athletics Club),Kelowna,census-2026-07,Next Generation Athletics,Surrey,census-2026-07,https://www.nextgenerationathletics.ca/,distinct,auto-rule,both are census municipalities (Kelowna / Surrey); kept separate - override if they are one club
0.457,same-name-different-city,Nova Scotia,East Hants Havoc,East Hants,census-2026-07,East Preston Pacers,East Preston,census-2026-07,https://basketballnovascotia.ca/content/member-clubs,,,
0.456,same-name-different-city,New Brunswick,Surge Basketball (Saint John Surge),Rothesay,census-2026-07,Sackville Basketball Boosters Association (SBBA),Sackville,census-2026-07,https://www.basketball.nb.ca/content/find-a-club-association,distinct,auto-rule,both are census municipalities (Rothesay / Sackville); kept separate - override if they are one club
0.455,same-name-different-city,Quebec,Basketball Boucherville,Boucherville,census-2026-07,Bluehounds Basketball,Montréal (Westmount),census-2026-07,https://www.basketball.qc.ca/fr/page/reseau_basketball_quebec/montreal.html,distinct,auto-rule,both are census municipalities (Boucherville / Montréal (Westmount)); kept separate - override if they are one club
0.452,same-name-different-city,British Columbia,Golden Bears,Fraser River region — Surrey/Delta/Richmond/New West,census-2026-07,Gryphons Basketball,Victoria,census-2026-07,https://www.vicbball.com/contact-page.html,,,
0.452,same-name-different-city,Ontario,St. Francis,St. Catharines,census-2026-07,St. Lawrence Lightning,Brockville,ontario-circuit-list,,distinct,auto-rule,both are census municipalities (St. Catharines / Brockville); kept separate - override if they are one club
0.45,same-name-different-city,Quebec,Basketball Mont-Tremblant,Mont-Tremblant,census-2026-07,Montreal United,Montréal,census-2026-07,http://www.montrealunited.ca,distinct,auto-rule,both are census municipalities (Mont-Tremblant / Montréal); kept separate - override if they are one club
0.444,same-name-different-city,Quebec,Basketball St-Laurent (Comité de basketball Saint-Laurent),Montréal (Saint-Laurent),census-2026-07,St-Lazare Lions,Saint-Lazare,census-2026-07,https://www.basketball.qc.ca/fr/page/reseau_basketball_quebec/sud-ouest.html,distinct,auto-rule,both are census municipalities (Montréal (Saint-Laurent) / Saint-Lazare); kept separate - override if they are one club
0.436,same-name-different-city,Quebec,Académie Basketball — Cégep de Sherbrooke (Centre de l'activité physique),Sherbrooke,census-2026-07,Sacred Heart School of Montreal,Montreal QC,contact-enrichment,,,,
0.435,same-name-different-city,Quebec,Sagesse Canada,Saint-Eustache,census-2026-07,SLAM CAMP,Saint-Lambert / Saint-Bruno-de-Montarville,census-2026-07,https://www.basketball.qc.ca/fr/page/reseau_basketball_quebec/rive-sud.html,,,
0.431,same-name-different-city,Manitoba,Junior Royals Basketball Club (Selkirk),Selkirk,census-2026-07,Junior Bisons Thompson,Thompson,census-2026-07,https://www.instagram.com/juniorbisons/,distinct,auto-rule,both are census municipalities (Selkirk / Thompson); kept separate - override if they are one club
0.429,same-name-different-city,Ontario,Rise Basketball (Rise Fitness and Sports Training),Vernon,census-2026-07,RiseUp League,Brampton/Vaughan/Markham/Mississauga/Niagara,census-2026-07,ontario census + enrichment 2026-07-18,,,
0.423,same-name-different-city,British Columbia,West Coast Swish Basketball,Abbotsford,census-2026-07,West Richmond Summer Slam,Richmond,census-2026-07,https://www.westrichmondsummerslam.com/,distinct,auto-rule,both are census municipalities (Abbotsford / Richmond); kept separate - override if they are one club
0.421,same-name-different-city,Quebec,Elite Basketball Skills Academy (EBSA),Châteauguay,census-2026-07,Basketball Élite Southwood,Lévis / Saint-Gilles,census-2026-07,https://www.basketballsouthwood.com/,,,
0.414,same-name-different-city,Ontario,St. Benedicts,Kitchener,census-2026-07,St. Francis Xavier,Mississauga,census-2026-07,ontario census + enrichment 2026-07-18,distinct,auto-rule,both are census municipalities (Kitchener / Mississauga); kept separate - override if they are one club
0.41,same-name-different-city,Ontario,Naismith Basketball Association,Eastern Ontario (Ottawa area),"community-sweep,oba-kml",Naismith,"likely a club named for James Naismith, possibly Almonte/Lanark area",league-harvest,https://eobahoops.com/about,,,
0.409,same-name-different-city,Quebec,Basketball Élite Southwood,Lévis / Saint-Gilles,census-2026-07,Elite Legacy Hoops,Saint-Jérôme,census-2026-07,https://www.basketball.qc.ca/fr/page/reseau_basketball_quebec/montreal.html,,,
0.408,same-name-different-city,British Columbia,NV Ballers Basketball Club (N.W. Sports Club Society),North Vancouver,census-2026-07,N.W. Sports Club Society (Ballers Basketball),Port Coquitlam,census-2026-07,https://nwsportsclub.ca/leagues,distinct,auto-rule,both are census municipalities (North Vancouver / Port Coquitlam); kept separate - override if they are one club
0.4,same-name-different-city,Alberta,Edmonton Southside Hoops,Edmonton,census-2026-07,Encounter Sports (ES Lions),Sherwood Park,census-2026-07,https://encountersports.ca/,,,
0.4,same-name-different-city,Quebec,AC Academy (Athlete Centre),Mont-Royal,census-2026-07,Alpha Community,Montréal,census-2026-07,https://www.basketball.qc.ca/fr/page/reseau_basketball_quebec/montreal.html,distinct,auto-rule,both are census municipalities (Mont-Royal / Montréal); kept separate - override if they are one club
0.4,same-name-different-city,Ontario,IEM Basketball,Newmarket/Aurora,"census-2026-07,community-sweep,oba-kml,ontario-csv",Innisfil Ballers,Innisfil,gap-fill,https://www.facebook.com/people/Innisfil-Ballers/61564439662126/,,,
0.393,same-name-different-city,British Columbia,Balloholics Victory Sports Camp,Burnaby,census-2026-07,Ball Lab Training Academy,North Vancouver,census-2026-07,https://basketball604.com/basketball-clubs/,distinct,auto-rule,both are census municipalities (Burnaby / North Vancouver); kept separate - override if they are one club
0.389,same-name-different-city,Alberta,Legends Basketball (YYC),Calgary,census-2026-07,Lethbridge Blazers,Lethbridge,census-2026-07,https://abbasketball.ca/content/who-are-members,distinct,auto-rule,both are census municipalities (Calgary / Lethbridge); kept separate - override if they are one club
0.387,same-name-different-city,Ontario,Haldimand Huskies,Caledonia,"gap-fill,oba-kml",Hometown Hoops,Leamington,gap-fill,https://www.facebook.com/HometownHoopsBasketball/,,,
0.378,same-name-different-city,Alberta,Calgary Selects Basketball,Calgary,census-2026-07,CADA Sports (CADA Red Storm),Edmonton,census-2026-07,https://www.cadasports.com/,distinct,auto-rule,both are census municipalities (Calgary / Edmonton); kept separate - override if they are one club
0.375,same-name-different-city,New Brunswick,Carleton North Minor Basketball Association,Florenceville-Bristol,census-2026-07,Carleton County Elite,Woodstock,census-2026-07,https://www.basketball.nb.ca/content/find-a-club-association,,,
0.367,same-name-different-city,Ontario,Metropolitan Prep Academy,Toronto,"census-2026-07,ontario-csv",Municipality of Powassan,Powassan,browser-sweep,https://jr-nba.webflow.io/programs/municipality-of-powassan,,,
0.364,same-name-different-city,Quebec,Sports-Laval,Laval,census-2026-07,Basketball St-Laurent (Comité de basketball Saint-Laurent),Montréal (Saint-Laurent),census-2026-07,https://basketballstlaurent.com/,distinct,auto-rule,both are census municipalities (Laval / Montréal (Saint-Laurent)); kept separate - override if they are one club
0.364,same-name-different-city,Quebec,Mini Indigo / Relève Indigo (Cégep de Granby),Granby,census-2026-07,Mini Basket Warwick,Warwick,census-2026-07,http://www.basketball.qc.ca/fr/page/reseau_basketball_quebec/centre-du-quebec.html,,,
0.359,same-name-different-city,Ontario,Southwest Academy,London,census-2026-07,South Windsor Warriors,Windsor,census-2026-07,ontario census + enrichment 2026-07-18,,,
0.357,same-name-different-city,Ontario,Peel Elite,Mississauga/Brampton,"census-2026-07,league-harvest",Project Excellence,Scarborough,ontario-circuit-list,,,,
0.353,same-name-different-city,Alberta,Titans Basketball (YYC),Calgary,census-2026-07,TriCounty Broncos,Didsbury,census-2026-07,https://www.abbasketball.ca/content/Alberta-Club-Map,distinct,auto-rule,both are census municipalities (Calgary / Didsbury); kept separate - override if they are one club
0.353,same-name-different-city,Ontario,RWI519,SW Ontario (519),"league-harvest,ontario-circuit-list",RUN WITH It (RWI/RWI 519),K-W/519 ON,contact-enrichment,,,,
0.353,same-name-different-city,Ontario,AD Rebelles (assoc. Louis-Riel),Ottawa (Gloucester),ontario-circuit-list,Aurora Dunks Basketball (Special Olympics Ontario),Aurora,municipal-directory,https://www.aurora.ca/recreation-arts-and-culture/sport/sport-organizations-serving-aurora/,distinct,auto-rule,both are census municipalities (Ottawa (Gloucester) / Aurora); kept separate - override if they are one club
0.35,same-name-different-city,Quebec,Celtics EMB (Entraînement Mario Beaulac),Saint-Barnabé-Sud (Saint-Hyacinthe area),census-2026-07,CB Elite (Québec AAU),Montreal QC,contact-enrichment,,,,
0.345,same-name-different-city,Newfoundland & Labrador,Central Athletics,Grand Falls-Windsor,census-2026-07,CE23 Academy (CE23 Basketball),Paradise,census-2026-07,https://www.ce23basketball.com/staff,distinct,auto-rule,both are census municipalities (Grand Falls-Windsor / Paradise); kept separate - override if they are one club
0.343,same-name-different-city,Alberta,NW Warriors,Calgary,census-2026-07,NW Edmonton Ballers Club (Elite Knights),Edmonton,census-2026-07,https://www.nwebc.ca/,distinct,auto-rule,both are census municipalities (Calgary / Edmonton); kept separate - override if they are one club
0.341,same-name-different-city,Alberta,Calgary Chinooks Basketball,Calgary,census-2026-07,Cochrane Chaos,Cochrane,census-2026-07,https://www.aybc.ca/2020-club-members-1/cochrane-chaos,,,
0.34,same-name-different-city,British Columbia,BC United Basketball Club,North Vancouver,census-2026-07,BC Preparatory Academy (BCPrep),Surrey,census-2026-07,https://bcprep.com/programs/basketball-youth-league/,distinct,auto-rule,both are census municipalities (North Vancouver / Surrey); kept separate - override if they are one club
0.333,same-name-different-city,Saskatchewan,Humboldt Heat,Humboldt,census-2026-07,Houndsville Hoops,Saskatoon,census-2026-07,https://www.basketballsask.com/member-organizations/currentmembers,distinct,auto-rule,both are census municipalities (Humboldt / Saskatoon); kept separate - override if they are one club
0.318,same-name-different-city,Quebec,Granby Multi-Sports (basketball programming),Granby,census-2026-07,Gilas Montréal Basketball,Montréal,census-2026-07,https://www.basketball.qc.ca/fr/page/reseau_basketball_quebec/montreal.html,distinct,auto-rule,both are census municipalities (Granby / Montréal); kept separate - override if they are one club
0.31,same-name-different-city,Quebec,Club de basketball Révolution des Laurentides,Terrebonne / Rosemère,census-2026-07,Dropoff Elite,Montreal,ontario-circuit-list,,,,
0.308,same-name-different-city,British Columbia,BC Bounce,Abbotsford,census-2026-07,Beyond Basketball,Duncan (Cowichan Valley),census-2026-07,https://ladysmithchronicle.com/2026/01/22/beyond-basketball-looks-to-level-the-court-for-cowichan-valley-girls/,distinct,auto-rule,both are census municipalities (Abbotsford / Duncan (Cowichan Valley)); kept separate - override if they are one club
0.303,same-name-different-city,Quebec,ByFar Sports (Qulture Basket),Québec City,census-2026-07,Basketball Sherbrooke,Sherbrooke,census-2026-07,Basketball Québec regional registry PDFs (mined 2026-07-18),,,
0.296,same-name-different-city,Ontario,North Region Basketball Association (NRBA),Toronto (GTA-wide),"census-2026-07,community-sweep,oba-kml",NRBA,Niagara,ontario-circuit-list,,,,
0.294,same-name-different-city,Alberta,Brodie Rec (Calgary North),Calgary,census-2026-07,Big Rock Basketball Club,Okotoks,census-2026-07,https://bigrockbball.ca,distinct,auto-rule,both are census municipalities (Calgary / Okotoks); kept separate - override if they are one club
0.286,same-name-different-city,British Columbia,Surrey Hornets,Surrey,census-2026-07,School of Handles Basketball,Vancouver,census-2026-07,https://basketball604.com/basketball-clubs/,distinct,auto-rule,both are census municipalities (Surrey / Vancouver); kept separate - override if they are one club
0.286,same-name-different-city,British Columbia,SM Prep,Penticton,census-2026-07,Smith Performance Basketball,Vancouver Island,census-2026-07,https://smithperformancebasketball.com/,,,
0.276,same-name-different-city,Quebec,Sphère Basketball,Montréal,census-2026-07,SSF Blizzard (Séminaire Saint-François),Saint-Augustin-de-Desmaures,ontario-circuit-list,,distinct,auto-rule,both are census municipalities (Montréal / Saint-Augustin-de-Desmaures); kept separate - override if they are one club
0.261,same-name-different-city,Quebec,Hoops Lab Elite,Drummondville,census-2026-07,Le L.A.B. (Espace Le LAB),Shawinigan,census-2026-07,https://www.espacelelab.ca/,distinct,auto-rule,both are census municipalities (Drummondville / Shawinigan); kept separate - override if they are one club
0.25,same-name-different-city,Quebec,École de mini-basketball de Québec (EMBQ),Québec City (Lac-Beauport),census-2026-07,Prédateurs NDL (Collège Notre-Dame-de-Lourdes),Longueuil QC,contact-enrichment,,,,
0.245,same-name-different-city,Alberta,FCBA Blizzards (Filipino-Canadian Basketball Association),Calgary,census-2026-07,Foothills County Basketball Academy,Okotoks,census-2026-07,https://www.aybc.ca/2020-club-members-1/foothills-county-basketball-academy,distinct,auto-rule,both are census municipalities (Calgary / Okotoks); kept separate - override if they are one club
0.204,same-name-different-city,Ontario,Next Level Basketball (NextLevel Sports Academy / Cowichan Valley Basketball),Duncan,census-2026-07,No Limits Youth Organization (Basketball),Quinte/Belleville area,community-sweep,https://nolimitsyouth.ca/basketball/,,,
0.188,same-name-different-city,Ontario,Gwillimbury Basketball United,East Gwillimbury,census-2026-07,GBU (Gwillimbury Basketball United),E/W Gwillimbury–Newmarket,ontario-circuit-list,,,,
0.143,same-name-different-city,Manitoba,Niverville Community Youth Basketball (Niverville Recreation x WMBA),Niverville,census-2026-07,Steinbach Jr. Pilots,Steinbach,census-2026-07,https://www.wmba.ca/team/13441/506/7616/366710,distinct,auto-rule,both are census municipalities (Niverville / Steinbach); kept separate - override if they are one club
