candidate,province,leagues,team_entries,last_verified,source,closest_known_club,closest_score,evidence_url,decision,reviewer,notes
EY Eagles,Ontario,OBL,23,,obl-teams,EM Elite,0.588,https://basketball.on.ca/competitions/obl/ontario-basketball-league-schedule-2/,,,
NT Huskies,Ontario,OBL,22,,obl-teams,North Toronto Basketball Association (NTBA),0.645,https://basketball.on.ca/competitions/obl/ontario-basketball-league-schedule-2/,,,
Blitz,Ontario,OBL,13,,obl-teams,,,https://basketball.on.ca/competitions/obl/ontario-basketball-league-schedule-2/,,,
CW Celtics,Ontario,OBL,12,,obl-teams,County Clippers,0.4,https://basketball.on.ca/competitions/obl/ontario-basketball-league-schedule-2/,,,
SCNYB,Ontario,OBL,9,,obl-teams,,,https://basketball.on.ca/competitions/obl/ontario-basketball-league-schedule-2/,,,
HOF HUSTLE,Ontario,OBL,8,,obl-teams,Haldimand Huskies,0.444,https://basketball.on.ca/competitions/obl/ontario-basketball-league-schedule-2/,,,
Oakville Venom,Ontario,OBL,7,,obl-teams,Oakville Prep,0.741,https://basketball.on.ca/competitions/obl/ontario-basketball-league-schedule-2/,,,
Orangeville Bears,Ontario,OBL,7,,obl-teams,Orangeville Hawks,0.824,https://basketball.on.ca/competitions/obl/ontario-basketball-league-schedule-2/,,,
Game6 Lions,Ontario,OBL,7,,obl-teams,Game 6 Sports Academy,0.5,https://basketball.on.ca/competitions/obl/ontario-basketball-league-schedule-2/,,,
Golden Eagles,Ontario,OBL,7,,obl-teams,Gators Elite,0.48,https://basketball.on.ca/competitions/obl/ontario-basketball-league-schedule-2/,,,
MILTON STAGS RED,Ontario,OBL,6,,obl-teams,Milton Stags,0.857,https://basketball.on.ca/competitions/obl/ontario-basketball-league-schedule-2/,,,
New Horizon Heat,Ontario,OBL,6,,obl-teams,New Horizon Basketball Academy,0.737,https://basketball.on.ca/competitions/obl/ontario-basketball-league-schedule-2/,,,
Grassroots Elite RED,Ontario,OBL,6,,obl-teams,Grassroots Elite,0.889,https://basketball.on.ca/competitions/obl/ontario-basketball-league-schedule-2/,,,
Nepean,Ontario,OBL,5,,obl-teams,Nepean Blue Devils,0.5,https://basketball.on.ca/competitions/obl/ontario-basketball-league-schedule-2/,,,
LaSalle Guardians,Ontario,OBL,5,,obl-teams,,,https://basketball.on.ca/competitions/obl/ontario-basketball-league-schedule-2/,,,
Union Next Man Up,Ontario,OBL,4,,obl-teams,Union Elite Basketball,0.571,https://basketball.on.ca/competitions/obl/ontario-basketball-league-schedule-2/,,,
Momentum Orange,Ontario,OBL,4,,obl-teams,Momentum Basketball,0.696,https://basketball.on.ca/competitions/obl/ontario-basketball-league-schedule-2/,,,
KWGBA Phoenix,Ontario,OBL,4,,obl-teams,Kitchener-Waterloo Girls Basketball Association,0.267,https://basketball.on.ca/competitions/obl/ontario-basketball-league-schedule-2/,,,
Grimsby Grizzlies,Ontario,OBL,4,,obl-teams,Grimsby Basketball Association,0.426,https://basketball.on.ca/competitions/obl/ontario-basketball-league-schedule-2/,,,
#REF!,Ontario,OBL,4,,obl-teams,,,https://basketball.on.ca/competitions/obl/ontario-basketball-league-schedule-2/,,,
London Gold Medal,Ontario,OBL,4,,obl-teams,London Royals,0.667,https://basketball.on.ca/competitions/obl/ontario-basketball-league-schedule-2/,,,
BALL905,Ontario,OBL,3,,obl-teams,Ball905 Elite,0.7,https://basketball.on.ca/competitions/obl/ontario-basketball-league-schedule-2/,,,
HOOPSTARS,Ontario,OBL,3,,obl-teams,Hooptrotters (OGs/5Gs),0.667,https://basketball.on.ca/competitions/obl/ontario-basketball-league-schedule-2/,,,
Brantford CYO,Ontario,OBL,3,,obl-teams,Brantford CYO Boys,0.85,https://basketball.on.ca/competitions/obl/ontario-basketball-league-schedule-2/,,,
MILTON STAGS WHITE,Ontario,OBL,3,,obl-teams,Milton Stags,0.85,https://basketball.on.ca/competitions/obl/ontario-basketball-league-schedule-2/,,,
Napanee Hawks,Ontario,OBL,3,,obl-teams,Northern Hoops,0.37,https://basketball.on.ca/competitions/obl/ontario-basketball-league-schedule-2/,,,
MUMBA ELITE,Ontario,OBL,3,,obl-teams,MT Elite,0.737,https://basketball.on.ca/competitions/obl/ontario-basketball-league-schedule-2/,,,
Owen Sound,Ontario,OBL,3,,obl-teams,Owen Sound Minor Basketball,0.85,https://basketball.on.ca/competitions/obl/ontario-basketball-league-schedule-2/,,,
RSB Association,Ontario,OBL,3,,obl-teams,RSB Elite,0.5,https://basketball.on.ca/competitions/obl/ontario-basketball-league-schedule-2/,,,
ONLX,Ontario,OBL,3,,obl-teams,,,https://basketball.on.ca/competitions/obl/ontario-basketball-league-schedule-2/,,,
Grassroots,Ontario,OBL,3,,obl-teams,Grassroots Elite,0.769,https://basketball.on.ca/competitions/obl/ontario-basketball-league-schedule-2/,,,
Lambton Lions,Ontario,OBL,3,,obl-teams,,,https://basketball.on.ca/competitions/obl/ontario-basketball-league-schedule-2/,,,
TCBL Dragons - coach Navid,Ontario,OBL,2,,obl-teams,TCBL Basketball,0.519,https://basketball.on.ca/competitions/obl/ontario-basketball-league-schedule-2/,,,
MUMBA ELITE - VARNAN,Ontario,OBL,2,,obl-teams,Markham Unionville Minor Basketball Association (MUMBA),0.277,https://basketball.on.ca/competitions/obl/ontario-basketball-league-schedule-2/,,,
KWGBA Phoenix WHITE,Ontario,OBL,2,,obl-teams,Kitchener-Waterloo Girls Basketball Association,0.242,https://basketball.on.ca/competitions/obl/ontario-basketball-league-schedule-2/,,,
KWGBA Phoenix NAVY,Ontario,OBL,2,,obl-teams,Kitchener-Waterloo Girls Basketball Association,0.246,https://basketball.on.ca/competitions/obl/ontario-basketball-league-schedule-2/,,,
GBA Teran,Ontario,OBL,2,,obl-teams,Gators Basketball Academy,0.533,https://basketball.on.ca/competitions/obl/ontario-basketball-league-schedule-2/,,,
TCBL Dragons - coach Devon,Ontario,OBL,2,,obl-teams,TCBL Basketball,0.519,https://basketball.on.ca/competitions/obl/ontario-basketball-league-schedule-2/,,,
DC Storm,Ontario,OBL,2,,obl-teams,D3P Sports (D3P Basketball),0.556,https://basketball.on.ca/competitions/obl/ontario-basketball-league-schedule-2/,,,
Toronto Lords Johnson,Ontario,OBL,2,,obl-teams,Toronto Lords Basketball,0.85,https://basketball.on.ca/competitions/obl/ontario-basketball-league-schedule-2/,,,
Orillia,Ontario,OBL,2,,obl-teams,Orillia Lakers,0.667,https://basketball.on.ca/competitions/obl/ontario-basketball-league-schedule-2/,,,
Peterborough Power Palmer,Ontario,OBL,2,,obl-teams,Peterborough City Basketball Club,0.552,https://basketball.on.ca/competitions/obl/ontario-basketball-league-schedule-2/,,,
Grassroots Elite BLACK,Ontario,OBL,2,,obl-teams,Grassroots Elite,0.85,https://basketball.on.ca/competitions/obl/ontario-basketball-league-schedule-2/,,,
Burloak Elite Allen,Ontario,OBL,2,,obl-teams,Burloak Elite,0.85,https://basketball.on.ca/competitions/obl/ontario-basketball-league-schedule-2/,,,
Union Elite Bam,Ontario,OBL,2,,obl-teams,Union Elite Basketball,0.85,https://basketball.on.ca/competitions/obl/ontario-basketball-league-schedule-2/,,,
Brampton Warriors U12B,Ontario,OBL,2,,obl-teams,Brampton Minor Basketball (BMBA),0.872,https://basketball.on.ca/competitions/obl/ontario-basketball-league-schedule-2/,,,
Brooklin BTSO Elite,Ontario,OBL,2,,obl-teams,,,https://basketball.on.ca/competitions/obl/ontario-basketball-league-schedule-2/,,,
RISING SUNS KINGS,Ontario,OBL,2,,obl-teams,Rising Stars,0.621,https://basketball.on.ca/competitions/obl/ontario-basketball-league-schedule-2/,,,
MUMBA ELITE - TORRES,Ontario,OBL,2,,obl-teams,Markham Unionville Minor Basketball Association (MUMBA),0.277,https://basketball.on.ca/competitions/obl/ontario-basketball-league-schedule-2/,,,
Toronto Nets,Ontario,OBL,2,,obl-teams,Toronto Phantoms,0.786,https://basketball.on.ca/competitions/obl/ontario-basketball-league-schedule-2/,,,
Ballmatics,Ontario,OBL,2,,obl-teams,Ballmatics Academy,0.714,https://basketball.on.ca/competitions/obl/ontario-basketball-league-schedule-2/,,,
Peterborough Power Handa,Ontario,OBL,2,,obl-teams,Peterborough Youth Basketball Association,0.554,https://basketball.on.ca/competitions/obl/ontario-basketball-league-schedule-2/,,,
DC Bulldogs,Ontario,OBL,2,,obl-teams,DC United - HGSL,0.56,https://basketball.on.ca/competitions/obl/ontario-basketball-league-schedule-2/,,,
Truth-Brothers Keepers,Ontario,OBL,2,,obl-teams,,,https://basketball.on.ca/competitions/obl/ontario-basketball-league-schedule-2/,,,
Port Colborne Hornets,Ontario,OBL,2,,obl-teams,Port Colborne Youth Basketball,0.667,https://basketball.on.ca/competitions/obl/ontario-basketball-league-schedule-2/,,,
KW Viper Quigley,Ontario,OBL,2,,obl-teams,KW Vipers,0.64,https://basketball.on.ca/competitions/obl/ontario-basketball-league-schedule-2/,,,
Oshawa Commanders,Ontario,OBL,2,,obl-teams,Ottawa Capitals,0.5,https://basketball.on.ca/competitions/obl/ontario-basketball-league-schedule-2/,,,
GTA Mavericks- Reid,Ontario,OBL,2,,obl-teams,GTA Mavericks,0.85,https://basketball.on.ca/competitions/obl/ontario-basketball-league-schedule-2/,,,
MUMBA ELITE - GUTIERREZ,Ontario,OBL,2,,obl-teams,Markham Unionville Minor Basketball Association (MUMBA),0.276,https://basketball.on.ca/competitions/obl/ontario-basketball-league-schedule-2/,,,
Momentum Navy,Ontario,OBL,2,,obl-teams,Momentum Basketball,0.762,https://basketball.on.ca/competitions/obl/ontario-basketball-league-schedule-2/,,,
NRBA Crazy Catz,Ontario,OBL,2,,obl-teams,NRBA,0.421,https://basketball.on.ca/competitions/obl/ontario-basketball-league-schedule-2/,,,
Cooksville CKATT,Ontario,OBL,2,,obl-teams,CKATT / Cooksville,0.625,https://basketball.on.ca/competitions/obl/ontario-basketball-league-schedule-2/,,,
Union Elite Marv,Ontario,OBL,2,,obl-teams,Union Elite Basketball,0.85,https://basketball.on.ca/competitions/obl/ontario-basketball-league-schedule-2/,,,
Brampton Warriors U14B,Ontario,OBL,2,,obl-teams,Brampton Minor Basketball (BMBA),0.872,https://basketball.on.ca/competitions/obl/ontario-basketball-league-schedule-2/,,,
SBA Team McPherson DB,Ontario,OBL,2,,obl-teams,Scarborough Basketball Association (SBA),0.5,https://basketball.on.ca/competitions/obl/ontario-basketball-league-schedule-2/,,,
BWT Rebels,Ontario,OBL,2,,obl-teams,Barrie Royals,0.435,https://basketball.on.ca/competitions/obl/ontario-basketball-league-schedule-2/,,,
South Simcoe Sonics,Ontario,OBL,2,,obl-teams,South Simcoe Basketball Club,0.638,https://basketball.on.ca/competitions/obl/ontario-basketball-league-schedule-2/,,,
NRBA Blue Mad Dogz,Ontario,OBL,2,,obl-teams,NRBA,0.364,https://basketball.on.ca/competitions/obl/ontario-basketball-league-schedule-2/,,,
Burloak Elite Nate,Ontario,OBL,2,,obl-teams,Burloak Elite,0.85,https://basketball.on.ca/competitions/obl/ontario-basketball-league-schedule-2/,,,
DC Chameleons,Ontario,OBL,2,,obl-teams,Dream Chaserzzz,0.429,https://basketball.on.ca/competitions/obl/ontario-basketball-league-schedule-2/,,,
Brampton Warriors U14G,Ontario,OBL,2,,obl-teams,Brampton Minor Basketball (BMBA),0.872,https://basketball.on.ca/competitions/obl/ontario-basketball-league-schedule-2/,,,
.button.primary-button:active,Ontario,OBL,2,,obl-teams,,,https://basketball.on.ca/competitions/obl/ontario-basketball-league-schedule-2/,,,
.button.primary-button:focus,Ontario,OBL,2,,obl-teams,,,https://basketball.on.ca/competitions/obl/ontario-basketball-league-schedule-2/,,,
.login,Ontario,OBL,2,,obl-teams,,,https://basketball.on.ca/competitions/obl/ontario-basketball-league-schedule-2/,,,
.request-storage-access{display:none}.error,Ontario,OBL,2,,obl-teams,,,https://basketball.on.ca/competitions/obl/ontario-basketball-league-schedule-2/,,,
.request-storage-access,Ontario,OBL,2,,obl-teams,,,https://basketball.on.ca/competitions/obl/ontario-basketball-league-schedule-2/,,,
.too-many-login-redirects{margin:auto;padding:36px}.document-root.show-error .error,Ontario,OBL,2,,obl-teams,Town of Oakvile,0.217,https://basketball.on.ca/competitions/obl/ontario-basketball-league-schedule-2/,,,
.document-root.show-login-page .login,Ontario,OBL,2,,obl-teams,,,https://basketball.on.ca/competitions/obl/ontario-basketball-league-schedule-2/,,,
.document-root.show-storage-access .request-storage-access,Ontario,OBL,2,,obl-teams,,,https://basketball.on.ca/competitions/obl/ontario-basketball-league-schedule-2/,,,
Roboto,Ontario,OBL,2,,obl-teams,,,https://basketball.on.ca/competitions/obl/ontario-basketball-league-schedule-2/,,,
sans-serif;text-align:center}.subtitle-text{font-family:Google Sans Text,Ontario,OBL,2,,obl-teams,,,https://basketball.on.ca/competitions/obl/ontario-basketball-league-schedule-2/,,,
sans-serif;margin-top:16px;text-align:center},Ontario,OBL,2,,obl-teams,,,https://basketball.on.ca/competitions/obl/ontario-basketball-league-schedule-2/,,,
not_in_iframe,Ontario,OBL,2,,obl-teams,,,https://basketball.on.ca/competitions/obl/ontario-basketball-league-schedule-2/,,,
Copyright The Closure Library Authors.,Ontario,OBL,2,,obl-teams,,,https://basketball.on.ca/competitions/obl/ontario-basketball-league-schedule-2/,,,
SPDX-License-Identifier: Apache-2.0,Ontario,OBL,2,,obl-teams,,,https://basketball.on.ca/competitions/obl/ontario-basketball-league-schedule-2/,,,
Copyright Google LLC,Ontario,OBL,2,,obl-teams,,,https://basketball.on.ca/competitions/obl/ontario-basketball-league-schedule-2/,,,
function n {var a=new p,Ontario,OBL,2,,obl-teams,,,https://basketball.on.ca/competitions/obl/ontario-basketball-league-schedule-2/,,,
b=new q,Ontario,OBL,2,,obl-teams,B-Elite,0.429,https://basketball.on.ca/competitions/obl/ontario-basketball-league-schedule-2/,,,
window.location.href,Ontario,OBL,2,,obl-teams,Windsor St. Clair (WSC JUEL),0.556,https://basketball.on.ca/competitions/obl/ontario-basketball-league-schedule-2/,,,
b!==void 0&&(a.href=b))}function y(a,Ontario,OBL,2,,obl-teams,B-Elite,0.4,https://basketball.on.ca/competitions/obl/ontario-basketball-league-schedule-2/,,,
function {d&&d.close ;var e=window.location.href;var f=(new URL(e)).searchParams,Ontario,OBL,2,,obl-teams,,,https://basketball.on.ca/competitions/obl/ontario-basketball-league-schedule-2/,,,
isFinite(f)&&(g=f+1));e=m(e,Ontario,OBL,2,,obl-teams,,,https://basketball.on.ca/competitions/obl/ontario-basketball-league-schedule-2/,,,
login_counter,Ontario,OBL,2,,obl-teams,London CYO Basketball,0.522,https://basketball.on.ca/competitions/obl/ontario-basketball-league-schedule-2/,,,
String(g));A(a,Ontario,OBL,2,,obl-teams,Strive Hoops,0.455,https://basketball.on.ca/competitions/obl/ontario-basketball-league-schedule-2/,,,
b){b=C(b);return b!==void 0?a.open(b,Ontario,OBL,2,,obl-teams,B.1.C.E Basketball,0.444,https://basketball.on.ca/competitions/obl/ontario-basketball-league-schedule-2/,,,
popupWindow,Ontario,OBL,2,,obl-teams,,,https://basketball.on.ca/competitions/obl/ontario-basketball-league-schedule-2/,,,
__Secure-1PAPISID,Ontario,OBL,2,,obl-teams,,,https://basketball.on.ca/competitions/obl/ontario-basketball-league-schedule-2/,,,
b){a.g&&clearInterval(a.g);for(var c={},Ontario,OBL,2,,obl-teams,B.1.C.E Basketball,0.486,https://basketball.on.ca/competitions/obl/ontario-basketball-league-schedule-2/,,,
L(g)!==void 0&&c !==L(g)){f=!0;break a}f=!1}f&&(clearInterval(a.g),Ontario,OBL,2,,obl-teams,,,https://basketball.on.ca/competitions/obl/ontario-basketball-league-schedule-2/,,,
a.g=void 0,Ontario,OBL,2,,obl-teams,,,https://basketball.on.ca/competitions/obl/ontario-basketball-league-schedule-2/,,,
KW Viper Brown,Ontario,OBL,2,,obl-teams,KW Vipers,0.696,https://basketball.on.ca/competitions/obl/ontario-basketball-league-schedule-2/,,,
BALL905 Mississauga,Ontario,OBL,2,,obl-teams,Ball905 Elite,0.562,https://basketball.on.ca/competitions/obl/ontario-basketball-league-schedule-2/,,,
BALL905 Brampton,Ontario,OBL,2,,obl-teams,Ball905 Elite,0.621,https://basketball.on.ca/competitions/obl/ontario-basketball-league-schedule-2/,,,
BALL905 Halton Hills,Ontario,OBL,2,,obl-teams,Ball905 Elite,0.606,https://basketball.on.ca/competitions/obl/ontario-basketball-league-schedule-2/,,,
Thunder Bay Wolves,Ontario,OBL,2,,obl-teams,Thunder Bay Jr. Wolves,0.923,https://basketball.on.ca/competitions/obl/ontario-basketball-league-schedule-2/,,,
West Ottawa Hornets,Ontario,OBL,2,,obl-teams,West Ottawa Basketball Association (Hornets),0.566,https://basketball.on.ca/competitions/obl/ontario-basketball-league-schedule-2/,,,
RISING SUNS JAKE,Ontario,OBL,2,,obl-teams,Rising Stars,0.643,https://basketball.on.ca/competitions/obl/ontario-basketball-league-schedule-2/,,,
Inter-City Saints Navy,Ontario,OBL,1,,obl-teams,Inter-City Saints,0.872,https://basketball.on.ca/competitions/obl/ontario-basketball-league-schedule-2/,,,
Inter-City Saints Gray,Ontario,OBL,1,,obl-teams,Inter-City Saints,0.872,https://basketball.on.ca/competitions/obl/ontario-basketball-league-schedule-2/,,,
SBA- Team Wade,Ontario,OBL,1,,obl-teams,Scarborough Basketball Association (SBA),0.583,https://basketball.on.ca/competitions/obl/ontario-basketball-league-schedule-2/,,,
Blitz - DeGuzman,Ontario,OBL,1,,obl-teams,,,https://basketball.on.ca/competitions/obl/ontario-basketball-league-schedule-2/,,,
Sweet/Morgan,Ontario,OBL,1,,obl-teams,,,https://basketball.on.ca/competitions/obl/ontario-basketball-league-schedule-2/,,,
TTT U10 Boys,Ontario,OBL,1,,obl-teams,Toronto Top Tier,0.286,https://basketball.on.ca/competitions/obl/ontario-basketball-league-schedule-2/,,,
North York Appiah/Phillips,Ontario,OBL,1,,obl-teams,North York Aquilas,0.682,https://basketball.on.ca/competitions/obl/ontario-basketball-league-schedule-2/,,,
Brampton Warriors U10B- Elliott,Ontario,OBL,1,,obl-teams,Brampton Minor Basketball (BMBA),0.85,https://basketball.on.ca/competitions/obl/ontario-basketball-league-schedule-2/,,,
GBA Ken/Felix,Ontario,OBL,1,,obl-teams,Gators Basketball Academy,0.4,https://basketball.on.ca/competitions/obl/ontario-basketball-league-schedule-2/,,,
Co-Ed Port Colborne Hornets,Ontario,OBL,1,,obl-teams,,,https://basketball.on.ca/competitions/obl/ontario-basketball-league-schedule-2/,,,
Ancaster Magic Offord,Ontario,OBL,1,,obl-teams,Ancaster Magic Basketball,0.652,https://basketball.on.ca/competitions/obl/ontario-basketball-league-schedule-2/,,,
YNBA Avengers U10B Pelly,Ontario,OBL,1,,obl-teams,YNBA Basketball,0.513,https://basketball.on.ca/competitions/obl/ontario-basketball-league-schedule-2/,,,
Peterborough Power Marshall,Ontario,OBL,1,,obl-teams,Peterborough City Basketball Club,0.567,https://basketball.on.ca/competitions/obl/ontario-basketball-league-schedule-2/,,,
U10B Trailblazers,Ontario,OBL,1,,obl-teams,,,https://basketball.on.ca/competitions/obl/ontario-basketball-league-schedule-2/,,,
Inter-City Saints Gold,Ontario,OBL,1,,obl-teams,Inter-City Saints,0.872,https://basketball.on.ca/competitions/obl/ontario-basketball-league-schedule-2/,,,
GYBA Hermann,Ontario,OBL,1,,obl-teams,Guelph Youth Basketball Association,0.5,https://basketball.on.ca/competitions/obl/ontario-basketball-league-schedule-2/,,,
GYBA Lindsay,Ontario,OBL,1,,obl-teams,Guelph Youth Basketball Association,0.5,https://basketball.on.ca/competitions/obl/ontario-basketball-league-schedule-2/,,,
TTT U10 Girls,Ontario,OBL,1,,obl-teams,Toronto Top Tier,0.414,https://basketball.on.ca/competitions/obl/ontario-basketball-league-schedule-2/,,,
Barrie Royals- Rogers,Ontario,OBL,1,,obl-teams,Barrie Royals,0.85,https://basketball.on.ca/competitions/obl/ontario-basketball-league-schedule-2/,,,
Guelph Gryphons- Greenidge,Ontario,OBL,1,,obl-teams,Guelph Gryphons Basketball,0.85,https://basketball.on.ca/competitions/obl/ontario-basketball-league-schedule-2/,,,
Brantford CYO-Lynch,Ontario,OBL,1,,obl-teams,Brantford CYO Boys,0.811,https://basketball.on.ca/competitions/obl/ontario-basketball-league-schedule-2/,,,
Elevation Athletics U10G- Asante,Ontario,OBL,1,,obl-teams,Elevation Athletics,0.85,https://basketball.on.ca/competitions/obl/ontario-basketball-league-schedule-2/,,,
SBA Team Beltijar,Ontario,OBL,1,,obl-teams,Scarborough Basketball Association (SBA),0.571,https://basketball.on.ca/competitions/obl/ontario-basketball-league-schedule-2/,,,
Barrie Royals- Rodger,Ontario,OBL,1,,obl-teams,Barrie Royals,0.85,https://basketball.on.ca/competitions/obl/ontario-basketball-league-schedule-2/,,,
Toronto Lords Waito,Ontario,OBL,1,,obl-teams,Toronto Lords Basketball,0.85,https://basketball.on.ca/competitions/obl/ontario-basketball-league-schedule-2/,,,
DC Bulldogs Thomas,Ontario,OBL,1,,obl-teams,DC United - HGSL,0.438,https://basketball.on.ca/competitions/obl/ontario-basketball-league-schedule-2/,,,
MUMBA ELITE - GLEZAKOS,Ontario,OBL,1,,obl-teams,Markham Unionville Minor Basketball Association (MUMBA),0.276,https://basketball.on.ca/competitions/obl/ontario-basketball-league-schedule-2/,,,
SBA Team Lalog,Ontario,OBL,1,,obl-teams,Scarborough Basketball Association (SBA),0.48,https://basketball.on.ca/competitions/obl/ontario-basketball-league-schedule-2/,,,
SBA Team Piracha,Ontario,OBL,1,,obl-teams,Scarborough Basketball Association (SBA),0.593,https://basketball.on.ca/competitions/obl/ontario-basketball-league-schedule-2/,,,
Brampton Warriors U11B,Ontario,OBL,1,,obl-teams,Brampton Minor Basketball (BMBA),0.872,https://basketball.on.ca/competitions/obl/ontario-basketball-league-schedule-2/,,,
DC Bulldogs Smith,Ontario,OBL,1,,obl-teams,DC United - HGSL,0.462,https://basketball.on.ca/competitions/obl/ontario-basketball-league-schedule-2/,,,
TCBL Dragons - coach Kareem,Ontario,OBL,1,,obl-teams,TCBL Basketball,0.519,https://basketball.on.ca/competitions/obl/ontario-basketball-league-schedule-2/,,,
St. Clair . Saints,Ontario,OBL,1,,obl-teams,"Silverthorn CI Spartans (SCI, TDSB)",0.526,https://basketball.on.ca/competitions/obl/ontario-basketball-league-schedule-2/,,,
RISING SUNS GIRRARD,Ontario,OBL,1,,obl-teams,Rising Stars,0.645,https://basketball.on.ca/competitions/obl/ontario-basketball-league-schedule-2/,,,
Skillz,Ontario,OBL,1,,obl-teams,Skillz Basketball Lab,0.444,https://basketball.on.ca/competitions/obl/ontario-basketball-league-schedule-2/,,,
TTT U11 Boys,Ontario,OBL,1,,obl-teams,Toronto Top Tier,0.286,https://basketball.on.ca/competitions/obl/ontario-basketball-league-schedule-2/,,,
KW Viper Smith,Ontario,OBL,1,,obl-teams,KW Vipers,0.783,https://basketball.on.ca/competitions/obl/ontario-basketball-league-schedule-2/,,,
MUMBA ELITE - JAINARAINE,Ontario,OBL,1,,obl-teams,Markham Unionville Minor Basketball Association (MUMBA),0.29,https://basketball.on.ca/competitions/obl/ontario-basketball-league-schedule-2/,,,
Burloak Elite James,Ontario,OBL,1,,obl-teams,Burloak Elite,0.85,https://basketball.on.ca/competitions/obl/ontario-basketball-league-schedule-2/,,,
YNBA Avengers U11B Meschino,Ontario,OBL,1,,obl-teams,YNBA Basketball,0.381,https://basketball.on.ca/competitions/obl/ontario-basketball-league-schedule-2/,,,
Kingston Impact- Morgenstern,Ontario,OBL,1,,obl-teams,Kingston Impact,0.85,https://basketball.on.ca/competitions/obl/ontario-basketball-league-schedule-2/,,,
Durham Crossover- Abe,Ontario,OBL,1,,obl-teams,Durham Crossover Basketball,0.809,https://basketball.on.ca/competitions/obl/ontario-basketball-league-schedule-2/,,,
DK U11 Boys,Ontario,OBL,1,,obl-teams,DK Dragons,0.476,https://basketball.on.ca/competitions/obl/ontario-basketball-league-schedule-2/,,,
GBA Justin/Phil,Ontario,OBL,1,,obl-teams,Gators Basketball Academy,0.375,https://basketball.on.ca/competitions/obl/ontario-basketball-league-schedule-2/,,,
U11B Collingwood Trailblazers,Ontario,OBL,1,,obl-teams,,,https://basketball.on.ca/competitions/obl/ontario-basketball-league-schedule-2/,,,
GBA Alan,Ontario,OBL,1,,obl-teams,Grimsby Basketball Association,0.545,https://basketball.on.ca/competitions/obl/ontario-basketball-league-schedule-2/,,,
YNBA Avengers U11B DeCaria,Ontario,OBL,1,,obl-teams,YNBA Basketball,0.439,https://basketball.on.ca/competitions/obl/ontario-basketball-league-schedule-2/,,,
YSSK Gendi,Ontario,OBL,1,,obl-teams,York South Silver Knights,0.229,https://basketball.on.ca/competitions/obl/ontario-basketball-league-schedule-2/,,,
KWGBA Phoenix - McNally,Ontario,OBL,1,,obl-teams,Kitchener-Waterloo Girls Basketball Association,0.267,https://basketball.on.ca/competitions/obl/ontario-basketball-league-schedule-2/,,,
MUMBA ELITE - DELA PENA,Ontario,OBL,1,,obl-teams,Markham Unionville Minor Basketball Association (MUMBA),0.276,https://basketball.on.ca/competitions/obl/ontario-basketball-league-schedule-2/,,,
SBA Team Ferreira,Ontario,OBL,1,,obl-teams,Scarborough Basketball Association (SBA),0.571,https://basketball.on.ca/competitions/obl/ontario-basketball-league-schedule-2/,,,
U11G Collingwood Trailblazers,Ontario,OBL,1,,obl-teams,,,https://basketball.on.ca/competitions/obl/ontario-basketball-league-schedule-2/,,,
Brampton Warriors U11G- Passley,Ontario,OBL,1,,obl-teams,Brampton Minor Basketball (BMBA),0.85,https://basketball.on.ca/competitions/obl/ontario-basketball-league-schedule-2/,,,
Kingston Impact- Clarke,Ontario,OBL,1,,obl-teams,Kingston Impact,0.85,https://basketball.on.ca/competitions/obl/ontario-basketball-league-schedule-2/,,,
YNBA Avengers U11G Paine,Ontario,OBL,1,,obl-teams,YNBA Basketball,0.41,https://basketball.on.ca/competitions/obl/ontario-basketball-league-schedule-2/,,,
Guelph Gryphons- Millar,Ontario,OBL,1,,obl-teams,Guelph Gryphons Basketball,0.85,https://basketball.on.ca/competitions/obl/ontario-basketball-league-schedule-2/,,,
TTT U11 Girls,Ontario,OBL,1,,obl-teams,Toronto Top Tier,0.414,https://basketball.on.ca/competitions/obl/ontario-basketball-league-schedule-2/,,,
Toronto Lords Cross,Ontario,OBL,1,,obl-teams,Toronto Lords Basketball,0.85,https://basketball.on.ca/competitions/obl/ontario-basketball-league-schedule-2/,,,
Brantford CYO - DiLivio,Ontario,OBL,1,,obl-teams,Brantford CYO Boys,0.85,https://basketball.on.ca/competitions/obl/ontario-basketball-league-schedule-2/,,,
Tecumseh Saint Clair Beach Basketball,Ontario,OBL,1,,obl-teams,Tecumseh Saints Basketball Association,0.667,https://basketball.on.ca/competitions/obl/ontario-basketball-league-schedule-2/,,,
Kw Vipers Randell,Ontario,OBL,1,,obl-teams,KW Vipers,0.85,https://basketball.on.ca/competitions/obl/ontario-basketball-league-schedule-2/,,,
SBA Team Salvi,Ontario,OBL,1,,obl-teams,Scarborough Basketball Association (SBA),0.56,https://basketball.on.ca/competitions/obl/ontario-basketball-league-schedule-2/,,,
U12A New Horizon Heat,Ontario,OBL,1,,obl-teams,,,https://basketball.on.ca/competitions/obl/ontario-basketball-league-schedule-2/,,,
UPlay,Ontario,OBL,1,,obl-teams,UPlay Canada,0.588,https://basketball.on.ca/competitions/obl/ontario-basketball-league-schedule-2/,,,
Falcons United,Ontario,OBL,1,,obl-teams,,,https://basketball.on.ca/competitions/obl/ontario-basketball-league-schedule-2/,,,
Ancaster Magic Levely,Ontario,OBL,1,,obl-teams,Ancaster Magic Basketball,0.85,https://basketball.on.ca/competitions/obl/ontario-basketball-league-schedule-2/,,,
Union Elite Warren,Ontario,OBL,1,,obl-teams,Union Elite Basketball,0.85,https://basketball.on.ca/competitions/obl/ontario-basketball-league-schedule-2/,,,
RISING SUNS JAY,Ontario,OBL,1,,obl-teams,Rising Stars,0.667,https://basketball.on.ca/competitions/obl/ontario-basketball-league-schedule-2/,,,
Toronto NuStep Ballers,Ontario,OBL,1,,obl-teams,Toronto NuStep Ballers / NuStep Basketball,0.85,https://basketball.on.ca/competitions/obl/ontario-basketball-league-schedule-2/,,,
Motion Kings Gladman,Ontario,OBL,1,,obl-teams,Motion Basketball,0.486,https://basketball.on.ca/competitions/obl/ontario-basketball-league-schedule-2/,,,
Kw Vipers Howison,Ontario,OBL,1,,obl-teams,KW Vipers,0.85,https://basketball.on.ca/competitions/obl/ontario-basketball-league-schedule-2/,,,
U12B New Horizon Heat,Ontario,OBL,1,,obl-teams,,,https://basketball.on.ca/competitions/obl/ontario-basketball-league-schedule-2/,,,
Burloak Elite Gaige,Ontario,OBL,1,,obl-teams,Burloak Elite,0.85,https://basketball.on.ca/competitions/obl/ontario-basketball-league-schedule-2/,,,
YNBA Avengers U12B Cade,Ontario,OBL,1,,obl-teams,YNBA Basketball,0.474,https://basketball.on.ca/competitions/obl/ontario-basketball-league-schedule-2/,,,
GBA /Brian,Ontario,OBL,1,,obl-teams,Grimsby Basketball Association,0.5,https://basketball.on.ca/competitions/obl/ontario-basketball-league-schedule-2/,,,
Burloak Elite Mike,Ontario,OBL,1,,obl-teams,Burloak Elite,0.85,https://basketball.on.ca/competitions/obl/ontario-basketball-league-schedule-2/,,,
Hamilton Celtics U12B,Ontario,OBL,1,,obl-teams,Hamilton Celtics,0.865,https://basketball.on.ca/competitions/obl/ontario-basketball-league-schedule-2/,,,
FO3 U12 Boys,Ontario,OBL,1,,obl-teams,FO3,0.4,https://basketball.on.ca/competitions/obl/ontario-basketball-league-schedule-2/,,,
DK U12 Boys,Ontario,OBL,1,,obl-teams,DK Dragons,0.476,https://basketball.on.ca/competitions/obl/ontario-basketball-league-schedule-2/,,,
Etobicoke Thunder 1 Seeley,Ontario,OBL,1,,obl-teams,Etobicoke Basketball Association,0.85,https://basketball.on.ca/competitions/obl/ontario-basketball-league-schedule-2/,,,
YNBA Avengers U12B Martin,Ontario,OBL,1,,obl-teams,YNBA Basketball,0.45,https://basketball.on.ca/competitions/obl/ontario-basketball-league-schedule-2/,,,
Breakthrough Bandits,Ontario,OBL,1,,obl-teams,Breakthrough,0.75,https://basketball.on.ca/competitions/obl/ontario-basketball-league-schedule-2/,,,
RISING SUNS UNDFTD,Ontario,OBL,1,,obl-teams,Rising Stars,0.6,https://basketball.on.ca/competitions/obl/ontario-basketball-league-schedule-2/,,,
Gold Medal- Morrison,Ontario,OBL,1,,obl-teams,Gold Medal Basketball Club,0.533,https://basketball.on.ca/competitions/obl/ontario-basketball-league-schedule-2/,,,
MUMBA ELITE - BARANOV,Ontario,OBL,1,,obl-teams,Markham Unionville Minor Basketball Association (MUMBA),0.276,https://basketball.on.ca/competitions/obl/ontario-basketball-league-schedule-2/,,,
U12B Trailblazers,Ontario,OBL,1,,obl-teams,,,https://basketball.on.ca/competitions/obl/ontario-basketball-league-schedule-2/,,,
GBA Ryan/,Ontario,OBL,1,,obl-teams,Grimsby Basketball Association,0.545,https://basketball.on.ca/competitions/obl/ontario-basketball-league-schedule-2/,,,
SBA Team Wright DB,Ontario,OBL,1,,obl-teams,Scarborough Basketball Association (SBA),0.483,https://basketball.on.ca/competitions/obl/ontario-basketball-league-schedule-2/,,,
TTT U12 Boys - Burnie,Ontario,OBL,1,,obl-teams,Toronto Top Tier,0.412,https://basketball.on.ca/competitions/obl/ontario-basketball-league-schedule-2/,,,
JOOOKOOO - Ontario Elite,Ontario,OBL,1,,obl-teams,JKT Elite,0.581,https://basketball.on.ca/competitions/obl/ontario-basketball-league-schedule-2/,,,
Peterborough Power Keating,Ontario,OBL,1,,obl-teams,Peterborough Youth Basketball Association,0.627,https://basketball.on.ca/competitions/obl/ontario-basketball-league-schedule-2/,,,
SBA Team Chris,Ontario,OBL,1,,obl-teams,Scarborough Basketball Association (SBA),0.56,https://basketball.on.ca/competitions/obl/ontario-basketball-league-schedule-2/,,,
MUMBA ELITE - FROST,Ontario,OBL,1,,obl-teams,Markham Unionville Minor Basketball Association (MUMBA),0.281,https://basketball.on.ca/competitions/obl/ontario-basketball-league-schedule-2/,,,
Orillia Lakers- McParland (late reg),Ontario,OBL,1,,obl-teams,Orillia Lakers,0.85,https://basketball.on.ca/competitions/obl/ontario-basketball-league-schedule-2/,,,
Burloak Elite Jenn,Ontario,OBL,1,,obl-teams,Burloak Elite,0.85,https://basketball.on.ca/competitions/obl/ontario-basketball-league-schedule-2/,,,
YNBA Avengers U12G Garvin,Ontario,OBL,1,,obl-teams,YNBA Basketball,0.4,https://basketball.on.ca/competitions/obl/ontario-basketball-league-schedule-2/,,,
GBA- Best,Ontario,OBL,1,,obl-teams,Grimsby Basketball Association,0.545,https://basketball.on.ca/competitions/obl/ontario-basketball-league-schedule-2/,,,
TTT U12 Girls,Ontario,OBL,1,,obl-teams,Toronto Top Tier,0.414,https://basketball.on.ca/competitions/obl/ontario-basketball-league-schedule-2/,,,
MUMBA ELITE - LEONARD,Ontario,OBL,1,,obl-teams,Markham Unionville Minor Basketball Association (MUMBA),0.303,https://basketball.on.ca/competitions/obl/ontario-basketball-league-schedule-2/,,,
London 86ers Santandrea,Ontario,OBL,1,,obl-teams,London 86ers,0.85,https://basketball.on.ca/competitions/obl/ontario-basketball-league-schedule-2/,,,
Sudbury Storm - Coach Jamie -26,Ontario,OBL,1,,obl-teams,Sudbury Youth Basketball Association (Jam),0.449,https://basketball.on.ca/competitions/obl/ontario-basketball-league-schedule-2/,,,
Peterborough Power Ellis,Ontario,OBL,1,,obl-teams,Peterborough City Basketball Club,0.561,https://basketball.on.ca/competitions/obl/ontario-basketball-league-schedule-2/,,,
Kingston Impact- Dzierniejko,Ontario,OBL,1,,obl-teams,Kingston Impact,0.85,https://basketball.on.ca/competitions/obl/ontario-basketball-league-schedule-2/,,,
YNBA Avengers U12G Watson,Ontario,OBL,1,,obl-teams,YNBA Basketball,0.4,https://basketball.on.ca/competitions/obl/ontario-basketball-league-schedule-2/,,,
U12G Trailblazers,Ontario,OBL,1,,obl-teams,,,https://basketball.on.ca/competitions/obl/ontario-basketball-league-schedule-2/,,,
Guelph Gryphons- Hermann,Ontario,OBL,1,,obl-teams,Guelph Gryphons Basketball,0.85,https://basketball.on.ca/competitions/obl/ontario-basketball-league-schedule-2/,,,
Hamilton Celtics U12G,Ontario,OBL,1,,obl-teams,Hamilton Celtics,0.865,https://basketball.on.ca/competitions/obl/ontario-basketball-league-schedule-2/,,,
SBA Premier Team Hanif Blue,Ontario,OBL,1,,obl-teams,Scarborough Basketball Association (SBA),0.85,https://basketball.on.ca/competitions/obl/ontario-basketball-league-schedule-2/,,,
Cooksville N.O.F,Ontario,OBL,1,,obl-teams,Cooksville We>Me 2030,0.703,https://basketball.on.ca/competitions/obl/ontario-basketball-league-schedule-2/,,,
Union Elite Norm,Ontario,OBL,1,,obl-teams,Union Elite Basketball,0.85,https://basketball.on.ca/competitions/obl/ontario-basketball-league-schedule-2/,,,
FO3 U13 Boys,Ontario,OBL,1,,obl-teams,FO3,0.4,https://basketball.on.ca/competitions/obl/ontario-basketball-league-schedule-2/,,,
UPlay- Coach Kash,Ontario,OBL,1,,obl-teams,UPlay Canada,0.643,https://basketball.on.ca/competitions/obl/ontario-basketball-league-schedule-2/,,,
Burloak Elite Chris,Ontario,OBL,1,,obl-teams,Burloak Elite,0.85,https://basketball.on.ca/competitions/obl/ontario-basketball-league-schedule-2/,,,
Union Elite Ivan,Ontario,OBL,1,,obl-teams,Union Elite Basketball,0.85,https://basketball.on.ca/competitions/obl/ontario-basketball-league-schedule-2/,,,
Brampton Warriors U13B,Ontario,OBL,1,,obl-teams,Brampton Minor Basketball (BMBA),0.872,https://basketball.on.ca/competitions/obl/ontario-basketball-league-schedule-2/,,,
Union Elite Sigmund,Ontario,OBL,1,,obl-teams,Union Elite Basketball,0.85,https://basketball.on.ca/competitions/obl/ontario-basketball-league-schedule-2/,,,
Barrie Royals Quach,Ontario,OBL,1,,obl-teams,Barrie Royals,0.857,https://basketball.on.ca/competitions/obl/ontario-basketball-league-schedule-2/,,,
Ancaster Magic Moore,Ontario,OBL,1,,obl-teams,Ancaster Magic Basketball,0.85,https://basketball.on.ca/competitions/obl/ontario-basketball-league-schedule-2/,,,
SBA Premier Team Maragh White,Ontario,OBL,1,,obl-teams,Scarborough Basketball Association (SBA),0.85,https://basketball.on.ca/competitions/obl/ontario-basketball-league-schedule-2/,,,
TTT U13 Boys - Mitchell,Ontario,OBL,1,,obl-teams,Toronto Top Tier,0.444,https://basketball.on.ca/competitions/obl/ontario-basketball-league-schedule-2/,,,
BREAKDOWN,Ontario,OBL,1,,obl-teams,Breakthrough,0.571,https://basketball.on.ca/competitions/obl/ontario-basketball-league-schedule-2/,,,
YNBA Avengers U13B Chen,Ontario,OBL,1,,obl-teams,YNBA Basketball,0.421,https://basketball.on.ca/competitions/obl/ontario-basketball-league-schedule-2/,,,
Kingston Impact Hunter,Ontario,OBL,1,,obl-teams,Kingston Impact,0.85,https://basketball.on.ca/competitions/obl/ontario-basketball-league-schedule-2/,,,
MUMBA ELITE - MCKAY,Ontario,OBL,1,,obl-teams,Markham Unionville Minor Basketball Association (MUMBA),0.276,https://basketball.on.ca/competitions/obl/ontario-basketball-league-schedule-2/,,,
Gillingham & Gagné,Ontario,OBL,1,,obl-teams,Guelph Gryphons Basketball,0.387,https://basketball.on.ca/competitions/obl/ontario-basketball-league-schedule-2/,,,
Peterborough Power Wade,Ontario,OBL,1,,obl-teams,Peterborough City Basketball Club,0.536,https://basketball.on.ca/competitions/obl/ontario-basketball-league-schedule-2/,,,
MUMBA ELITE - KRKLINSKI,Ontario,OBL,1,,obl-teams,Markham Unionville Minor Basketball Association (MUMBA),0.276,https://basketball.on.ca/competitions/obl/ontario-basketball-league-schedule-2/,,,
DK U13 Boys,Ontario,OBL,1,,obl-teams,DK Dragons,0.476,https://basketball.on.ca/competitions/obl/ontario-basketball-league-schedule-2/,,,
IEM Richmond Hill,Ontario,OBL,1,,obl-teams,IEM Bradford,0.483,https://basketball.on.ca/competitions/obl/ontario-basketball-league-schedule-2/,,,
U13B Trailblazers,Ontario,OBL,1,,obl-teams,,,https://basketball.on.ca/competitions/obl/ontario-basketball-league-schedule-2/,,,
GBA Wayne,Ontario,OBL,1,,obl-teams,Grimsby Basketball Association,0.5,https://basketball.on.ca/competitions/obl/ontario-basketball-league-schedule-2/,,,
Gold Medal Murray,Ontario,OBL,1,,obl-teams,Gold Medal Basketball Club,0.558,https://basketball.on.ca/competitions/obl/ontario-basketball-league-schedule-2/,,,
Toronto Lords Rep Moyo,Ontario,OBL,1,,obl-teams,Toronto Lords Basketball,0.85,https://basketball.on.ca/competitions/obl/ontario-basketball-league-schedule-2/,,,
GBA Saran,Ontario,OBL,1,,obl-teams,Grimsby Basketball Association,0.5,https://basketball.on.ca/competitions/obl/ontario-basketball-league-schedule-2/,,,
Burloak Elite AY,Ontario,OBL,1,,obl-teams,Burloak Elite,0.897,https://basketball.on.ca/competitions/obl/ontario-basketball-league-schedule-2/,,,
SBA Team Patterson DB,Ontario,OBL,1,,obl-teams,Scarborough Basketball Association (SBA),0.5,https://basketball.on.ca/competitions/obl/ontario-basketball-league-schedule-2/,,,
Game6 Sports,Ontario,OBL,1,,obl-teams,Game 6 Sports Academy,0.727,https://basketball.on.ca/competitions/obl/ontario-basketball-league-schedule-2/,,,
GBA Arthur,Ontario,OBL,1,,obl-teams,Grimsby Basketball Association,0.462,https://basketball.on.ca/competitions/obl/ontario-basketball-league-schedule-2/,,,
YSSK Ziorli,Ontario,OBL,1,,obl-teams,York South Silver Knights,0.333,https://basketball.on.ca/competitions/obl/ontario-basketball-league-schedule-2/,,,
Peterborough Power Hess,Ontario,OBL,1,,obl-teams,Peterborough Youth Basketball Association,0.562,https://basketball.on.ca/competitions/obl/ontario-basketball-league-schedule-2/,,,
TTT U13 Boys- Gamal,Ontario,OBL,1,,obl-teams,Toronto Top Tier,0.485,https://basketball.on.ca/competitions/obl/ontario-basketball-league-schedule-2/,,,
Barrie Royals McCracken,Ontario,OBL,1,,obl-teams,Barrie Royals,0.85,https://basketball.on.ca/competitions/obl/ontario-basketball-league-schedule-2/,,,
Ancaster Magic Pathammavong,Ontario,OBL,1,,obl-teams,Ancaster Magic Basketball,0.85,https://basketball.on.ca/competitions/obl/ontario-basketball-league-schedule-2/,,,
Niagara Falls Red Raiders- Hunt,Ontario,OBL,1,,obl-teams,Niagara Falls Red Raiders,0.909,https://basketball.on.ca/competitions/obl/ontario-basketball-league-schedule-2/,,,
Sudbury Storm - Coach Glen -26,Ontario,OBL,1,,obl-teams,Sudbury Youth Basketball Association (Jam),0.449,https://basketball.on.ca/competitions/obl/ontario-basketball-league-schedule-2/,,,
GLADIATORS ONIKA,Ontario,OBL,1,,obl-teams,Gladiators Basketball (G-Squad),0.703,https://basketball.on.ca/competitions/obl/ontario-basketball-league-schedule-2/,,,
GTA Mavericks- Evan,Ontario,OBL,1,,obl-teams,GTA Mavericks,0.85,https://basketball.on.ca/competitions/obl/ontario-basketball-league-schedule-2/,,,
YSSK Ma,Ontario,OBL,1,,obl-teams,York South Silver Knights,0.233,https://basketball.on.ca/competitions/obl/ontario-basketball-league-schedule-2/,,,
VCB U13- Peter,Ontario,OBL,1,,obl-teams,Vaughan City Basketball,0.278,https://basketball.on.ca/competitions/obl/ontario-basketball-league-schedule-2/,,,
ONL U13 Girls - Fleming,Ontario,OBL,1,,obl-teams,ONL,0.462,https://basketball.on.ca/competitions/obl/ontario-basketball-league-schedule-2/,,,
YNBA Avengers U13G Perlmutter,Ontario,OBL,1,,obl-teams,YNBA Basketball,0.364,https://basketball.on.ca/competitions/obl/ontario-basketball-league-schedule-2/,,,
Brantford CYO -Woodburn,Ontario,OBL,1,,obl-teams,Brantford CYO Boys,0.75,https://basketball.on.ca/competitions/obl/ontario-basketball-league-schedule-2/,,,
OSS Rising Stars - Cooper/Cressman,Ontario,OBL,1,,obl-teams,Ottawa Shooting Stars,0.595,https://basketball.on.ca/competitions/obl/ontario-basketball-league-schedule-2/,,,
Brampton Warriors U13G- Archer,Ontario,OBL,1,,obl-teams,Brampton Minor Basketball (BMBA),0.85,https://basketball.on.ca/competitions/obl/ontario-basketball-league-schedule-2/,,,
GBA Ranger,Ontario,OBL,1,,obl-teams,Grimsby Basketball Association,0.462,https://basketball.on.ca/competitions/obl/ontario-basketball-league-schedule-2/,,,
Kingston Impact Caverly,Ontario,OBL,1,,obl-teams,Kingston Impact,0.85,https://basketball.on.ca/competitions/obl/ontario-basketball-league-schedule-2/,,,
Barrie Royals Zyla,Ontario,OBL,1,,obl-teams,Barrie Royals,0.85,https://basketball.on.ca/competitions/obl/ontario-basketball-league-schedule-2/,,,
SBA Team Riche,Ontario,OBL,1,,obl-teams,Scarborough Basketball Association (SBA),0.56,https://basketball.on.ca/competitions/obl/ontario-basketball-league-schedule-2/,,,
U13G Trailblazers,Ontario,OBL,1,,obl-teams,,,https://basketball.on.ca/competitions/obl/ontario-basketball-league-schedule-2/,,,
YNBA Avengers U13G Lambie,Ontario,OBL,1,,obl-teams,YNBA Basketball,0.4,https://basketball.on.ca/competitions/obl/ontario-basketball-league-schedule-2/,,,
TTT U13 Girls,Ontario,OBL,1,,obl-teams,Toronto Top Tier,0.414,https://basketball.on.ca/competitions/obl/ontario-basketball-league-schedule-2/,,,
Prince Edward Clippers,Ontario,OBL,1,,obl-teams,Prince Edward County Clippers,0.863,https://basketball.on.ca/competitions/obl/ontario-basketball-league-schedule-2/,,,
North York Lions Ergas,Ontario,OBL,1,,obl-teams,North York Lions,0.85,https://basketball.on.ca/competitions/obl/ontario-basketball-league-schedule-2/,,,
Guelph Gryphons- Swan,Ontario,OBL,1,,obl-teams,Guelph Gryphons Basketball,0.857,https://basketball.on.ca/competitions/obl/ontario-basketball-league-schedule-2/,,,
London 86ers Findlay,Ontario,OBL,1,,obl-teams,London 86ers,0.85,https://basketball.on.ca/competitions/obl/ontario-basketball-league-schedule-2/,,,
Toronto Lords Rep,Ontario,OBL,1,,obl-teams,Toronto Lords Basketball,0.867,https://basketball.on.ca/competitions/obl/ontario-basketball-league-schedule-2/,,,
Peterborough Power Fitzgerald,Ontario,OBL,1,,obl-teams,Peterborough City Basketball Club,0.581,https://basketball.on.ca/competitions/obl/ontario-basketball-league-schedule-2/,,,
TCBL Phoenix,Ontario,OBL,1,,obl-teams,TCBL Basketball,0.444,https://basketball.on.ca/competitions/obl/ontario-basketball-league-schedule-2/,,,
Brantford CYO -Seewald,Ontario,OBL,1,,obl-teams,Brantford CYO Boys,0.769,https://basketball.on.ca/competitions/obl/ontario-basketball-league-schedule-2/,,,
SBA Premier Team Miller,Ontario,OBL,1,,obl-teams,Scarborough Basketball Association (SBA),0.85,https://basketball.on.ca/competitions/obl/ontario-basketball-league-schedule-2/,,,
TTT U14 Boys - Clarke,Ontario,OBL,1,,obl-teams,Toronto Top Tier,0.471,https://basketball.on.ca/competitions/obl/ontario-basketball-league-schedule-2/,,,
The Collective Elite Team Blue,Ontario,OBL,1,,obl-teams,The Collective Elite Basketball Association,0.85,https://basketball.on.ca/competitions/obl/ontario-basketball-league-schedule-2/,,,
RISING SUNS PHENOM,Ontario,OBL,1,,obl-teams,Rising Stars,0.6,https://basketball.on.ca/competitions/obl/ontario-basketball-league-schedule-2/,,,
KW Viper Mannarelli,Ontario,OBL,1,,obl-teams,KW Vipers,0.571,https://basketball.on.ca/competitions/obl/ontario-basketball-league-schedule-2/,,,
SOLDIERS,Ontario,OBL,1,,obl-teams,,,https://basketball.on.ca/competitions/obl/ontario-basketball-league-schedule-2/,,,
Barrie Royals Messecar,Ontario,OBL,1,,obl-teams,Barrie Royals,0.85,https://basketball.on.ca/competitions/obl/ontario-basketball-league-schedule-2/,,,
Team Breakdown IAN,Ontario,OBL,1,,obl-teams,Team Breakdown Basketball,0.875,https://basketball.on.ca/competitions/obl/ontario-basketball-league-schedule-2/,,,
Kingston Impact McMillan,Ontario,OBL,1,,obl-teams,Kingston Impact,0.85,https://basketball.on.ca/competitions/obl/ontario-basketball-league-schedule-2/,,,
Union Elite Nate,Ontario,OBL,1,,obl-teams,Union Elite Basketball,0.85,https://basketball.on.ca/competitions/obl/ontario-basketball-league-schedule-2/,,,
Blessed Sacrament Yellow Jackets- Guibao,Ontario,OBL,1,,obl-teams,Blessed Sacrament Yellow Jackets,0.901,https://basketball.on.ca/competitions/obl/ontario-basketball-league-schedule-2/,,,
DC Storm Team White,Ontario,OBL,1,,obl-teams,Dream Chaserzzz,0.471,https://basketball.on.ca/competitions/obl/ontario-basketball-league-schedule-2/,,,
BTSO Elite,Ontario,OBL,1,,obl-teams,B-Elite,0.824,https://basketball.on.ca/competitions/obl/ontario-basketball-league-schedule-2/,,,
SBA Team McKenna,Ontario,OBL,1,,obl-teams,Scarborough Basketball Association (SBA),0.519,https://basketball.on.ca/competitions/obl/ontario-basketball-league-schedule-2/,,,
The Collective Elite Team White,Ontario,OBL,1,,obl-teams,The Collective Elite Basketball Association,0.85,https://basketball.on.ca/competitions/obl/ontario-basketball-league-schedule-2/,,,
ONL U14 Boys - Kanji,Ontario,OBL,1,,obl-teams,ONL,0.581,https://basketball.on.ca/competitions/obl/ontario-basketball-league-schedule-2/,,,
Ancaster Magic Hall,Ontario,OBL,1,,obl-teams,Ancaster Magic Basketball,0.85,https://basketball.on.ca/competitions/obl/ontario-basketball-league-schedule-2/,,,
Advantage Titans OBA,Ontario,OBL,1,,obl-teams,Advantage Titans,0.889,https://basketball.on.ca/competitions/obl/ontario-basketball-league-schedule-2/,,,
ONL U14 Boys - Kilfoyl,Ontario,OBL,1,,obl-teams,ONL-X Basketball,0.556,https://basketball.on.ca/competitions/obl/ontario-basketball-league-schedule-2/,,,
Sudbury Storm - - Coach Derrick -26,Ontario,OBL,1,,obl-teams,Sudbury Youth Basketball Association (Jam),0.449,https://basketball.on.ca/competitions/obl/ontario-basketball-league-schedule-2/,,,
Toronto Lords Kenyon,Ontario,OBL,1,,obl-teams,Toronto Lords Basketball,0.85,https://basketball.on.ca/competitions/obl/ontario-basketball-league-schedule-2/,,,
KW Viper Langer,Ontario,OBL,1,,obl-teams,KW Vipers,0.667,https://basketball.on.ca/competitions/obl/ontario-basketball-league-schedule-2/,,,
GBA Ken,Ontario,OBL,1,,obl-teams,Grimsby Basketball Association,0.75,https://basketball.on.ca/competitions/obl/ontario-basketball-league-schedule-2/,,,
GBA Dexter,Ontario,OBL,1,,obl-teams,Grimsby Basketball Association,0.632,https://basketball.on.ca/competitions/obl/ontario-basketball-league-schedule-2/,,,
Motion Kings,Ontario,OBL,1,,obl-teams,Motion Basketball,0.552,https://basketball.on.ca/competitions/obl/ontario-basketball-league-schedule-2/,,,
Burloak Elite Rishi,Ontario,OBL,1,,obl-teams,Burloak Elite,0.85,https://basketball.on.ca/competitions/obl/ontario-basketball-league-schedule-2/,,,
Young Dragons,Ontario,OBL,1,,obl-teams,,,https://basketball.on.ca/competitions/obl/ontario-basketball-league-schedule-2/,,,
EY Eagles - McLeod,Ontario,OBL,1,,obl-teams,East York Basketball,0.293,https://basketball.on.ca/competitions/obl/ontario-basketball-league-schedule-2/,,,
YNBA Avengers U14B Blue,Ontario,OBL,1,,obl-teams,YNBA Basketball,0.474,https://basketball.on.ca/competitions/obl/ontario-basketball-league-schedule-2/,,,
KW Viper Thomas,Ontario,OBL,1,,obl-teams,KW Vipers,0.75,https://basketball.on.ca/competitions/obl/ontario-basketball-league-schedule-2/,,,
Sudbury Storm - - Coach Alex,Ontario,OBL,1,,obl-teams,Sudbury Youth Basketball Association (Jam),0.449,https://basketball.on.ca/competitions/obl/ontario-basketball-league-schedule-2/,,,
TEAM BREAKDOWN IMPOWERFUL,Ontario,OBL,1,,obl-teams,Team Breakdown Basketball,0.85,https://basketball.on.ca/competitions/obl/ontario-basketball-league-schedule-2/,,,
BREAKDOWN GREEN,Ontario,OBL,1,,obl-teams,Breakthrough,0.519,https://basketball.on.ca/competitions/obl/ontario-basketball-league-schedule-2/,,,
Midland Waves White,Ontario,OBL,1,,obl-teams,Midland Waves Basketball Association,0.85,https://basketball.on.ca/competitions/obl/ontario-basketball-league-schedule-2/,,,
Guelph Gryphons-Sambol,Ontario,OBL,1,,obl-teams,Guelph Gryphons Basketball,0.85,https://basketball.on.ca/competitions/obl/ontario-basketball-league-schedule-2/,,,
Grassroots Kitchener BLACK,Ontario,OBL,1,,obl-teams,Grassroots Elite,0.667,https://basketball.on.ca/competitions/obl/ontario-basketball-league-schedule-2/,,,
DC Storm Team Black,Ontario,OBL,1,,obl-teams,DC United - HGSL,0.424,https://basketball.on.ca/competitions/obl/ontario-basketball-league-schedule-2/,,,
Barrie Royals Oster,Ontario,OBL,1,,obl-teams,Barrie Royals,0.85,https://basketball.on.ca/competitions/obl/ontario-basketball-league-schedule-2/,,,
North York Lions Malik Phillips,Ontario,OBL,1,,obl-teams,North York Lions,0.85,https://basketball.on.ca/competitions/obl/ontario-basketball-league-schedule-2/,,,
U14B Trailblazers,Ontario,OBL,1,,obl-teams,,,https://basketball.on.ca/competitions/obl/ontario-basketball-league-schedule-2/,,,
MUMBA ELITE - NOORI,Ontario,OBL,1,,obl-teams,Markham Unionville Minor Basketball Association (MUMBA),0.281,https://basketball.on.ca/competitions/obl/ontario-basketball-league-schedule-2/,,,
GBA David,Ontario,OBL,1,,obl-teams,Grimsby Basketball Association,0.556,https://basketball.on.ca/competitions/obl/ontario-basketball-league-schedule-2/,,,
DK U14 Boys,Ontario,OBL,1,,obl-teams,DK Dragons,0.476,https://basketball.on.ca/competitions/obl/ontario-basketball-league-schedule-2/,,,
SBA Team Scott,Ontario,OBL,1,,obl-teams,SBA Blues,0.522,https://basketball.on.ca/competitions/obl/ontario-basketball-league-schedule-2/,,,
Oakville Venom Blue Team,Ontario,OBL,1,,obl-teams,Oakville Vytis Basketball Association,0.579,https://basketball.on.ca/competitions/obl/ontario-basketball-league-schedule-2/,,,
Elevation Athletics Arne,Ontario,OBL,1,,obl-teams,Elevation Athletics,0.884,https://basketball.on.ca/competitions/obl/ontario-basketball-league-schedule-2/,,,
TTT U14 Boys - Jakovic,Ontario,OBL,1,,obl-teams,Toronto Top Tier,0.457,https://basketball.on.ca/competitions/obl/ontario-basketball-league-schedule-2/,,,
TEAM BREAKDOWN IMPOWERFUL TEAM 2,Ontario,OBL,1,,obl-teams,Team Breakdown Basketball,0.85,https://basketball.on.ca/competitions/obl/ontario-basketball-league-schedule-2/,,,
Blessed Sacrament Yellow Jackets- Demerjian,Ontario,OBL,1,,obl-teams,Blessed Sacrament Yellow Jackets,0.865,https://basketball.on.ca/competitions/obl/ontario-basketball-league-schedule-2/,,,
Kingston Impact Fisher Dowker,Ontario,OBL,1,,obl-teams,Kingston Impact,0.85,https://basketball.on.ca/competitions/obl/ontario-basketball-league-schedule-2/,,,
Midland Waves Blue,Ontario,OBL,1,,obl-teams,Midland Waves Basketball Association,0.85,https://basketball.on.ca/competitions/obl/ontario-basketball-league-schedule-2/,,,
Oshawa Commander,Ontario,OBL,1,,obl-teams,Ottawa Capitals,0.452,https://basketball.on.ca/competitions/obl/ontario-basketball-league-schedule-2/,,,
YNBA Avengers U14B Martin,Ontario,OBL,1,,obl-teams,YNBA Basketball,0.45,https://basketball.on.ca/competitions/obl/ontario-basketball-league-schedule-2/,,,
GLADIATORS IVOR,Ontario,OBL,1,,obl-teams,Gladiators Basketball (G-Squad),0.611,https://basketball.on.ca/competitions/obl/ontario-basketball-league-schedule-2/,,,
U14B GBA Grizzlies,Ontario,OBL,1,,obl-teams,,,https://basketball.on.ca/competitions/obl/ontario-basketball-league-schedule-2/,,,
YSSK Thomas,Ontario,OBL,1,,obl-teams,YMCA of Timmins,0.385,https://basketball.on.ca/competitions/obl/ontario-basketball-league-schedule-2/,,,
Peterborough Power Summers,Ontario,OBL,1,,obl-teams,Peterborough City Basketball Club,0.542,https://basketball.on.ca/competitions/obl/ontario-basketball-league-schedule-2/,,,
Grassroots Kitchener GREY,Ontario,OBL,1,,obl-teams,Grassroots Elite,0.683,https://basketball.on.ca/competitions/obl/ontario-basketball-league-schedule-2/,,,
Kazmaier,Ontario,OBL,1,,obl-teams,,,https://basketball.on.ca/competitions/obl/ontario-basketball-league-schedule-2/,,,
SBA Team Clarke,Ontario,OBL,1,,obl-teams,Scarborough Basketball Association (SBA),0.538,https://basketball.on.ca/competitions/obl/ontario-basketball-league-schedule-2/,,,
Brantford CYO -Petrella,Ontario,OBL,1,,obl-teams,Brantford CYO Girls,0.78,https://basketball.on.ca/competitions/obl/ontario-basketball-league-schedule-2/,,,
Barrie Royals Hreljac,Ontario,OBL,1,,obl-teams,Barrie Royals,0.85,https://basketball.on.ca/competitions/obl/ontario-basketball-league-schedule-2/,,,
North York Lions Appiah/Phillips,Ontario,OBL,1,,obl-teams,North York Lions,0.85,https://basketball.on.ca/competitions/obl/ontario-basketball-league-schedule-2/,,,
Kingston Impact Severino,Ontario,OBL,1,,obl-teams,Kingston Impact,0.85,https://basketball.on.ca/competitions/obl/ontario-basketball-league-schedule-2/,,,
U14G Valhalla,Ontario,OBL,1,,obl-teams,Upper Valley Basketball Association,0.48,https://basketball.on.ca/competitions/obl/ontario-basketball-league-schedule-2/,,,
MUMBA ELITE - HABASH,Ontario,OBL,1,,obl-teams,Markham Unionville Minor Basketball Association (MUMBA),0.276,https://basketball.on.ca/competitions/obl/ontario-basketball-league-schedule-2/,,,
GYBA Robbins,Ontario,OBL,1,,obl-teams,Guelph Youth Basketball Association,0.5,https://basketball.on.ca/competitions/obl/ontario-basketball-league-schedule-2/,,,
TTT U14 Girls,Ontario,OBL,1,,obl-teams,Toronto Top Tier,0.414,https://basketball.on.ca/competitions/obl/ontario-basketball-league-schedule-2/,,,
MUMBA ELITE - JARVIS,Ontario,OBL,1,,obl-teams,Markham Unionville Minor Basketball Association (MUMBA),0.277,https://basketball.on.ca/competitions/obl/ontario-basketball-league-schedule-2/,,,
KW Viper Majuery,Ontario,OBL,1,,obl-teams,KW Vipers,0.64,https://basketball.on.ca/competitions/obl/ontario-basketball-league-schedule-2/,,,
Belleville Spirits de Vries,Ontario,OBL,1,,obl-teams,Belleville Spirits,0.85,https://basketball.on.ca/competitions/obl/ontario-basketball-league-schedule-2/,,,
Tecumseh U14G,Ontario,OBL,1,,obl-teams,Tecumseh Saints Basketball Association,0.353,https://basketball.on.ca/competitions/obl/ontario-basketball-league-schedule-2/,,,
London 86ers Friesen,Ontario,OBL,1,,obl-teams,London 86ers,0.85,https://basketball.on.ca/competitions/obl/ontario-basketball-league-schedule-2/,,,
Peterborough Power Harrington,Ontario,OBL,1,,obl-teams,Peterborough Youth Basketball Association,0.6,https://basketball.on.ca/competitions/obl/ontario-basketball-league-schedule-2/,,,
TEAM BREAKDOWN ALAN,Ontario,OBL,1,,obl-teams,Team Breakdown Basketball,0.85,https://basketball.on.ca/competitions/obl/ontario-basketball-league-schedule-2/,,,
Brantford CYO -Stevens,Ontario,OBL,1,,obl-teams,Brantford CYO Boys,0.769,https://basketball.on.ca/competitions/obl/ontario-basketball-league-schedule-2/,,,
MUMBA ELITE - ARCE,Ontario,OBL,1,,obl-teams,Markham Unionville Minor Basketball Association (MUMBA),0.317,https://basketball.on.ca/competitions/obl/ontario-basketball-league-schedule-2/,,,
Hoopzone,Ontario,OBL,1,,obl-teams,HoopHer,0.667,https://basketball.on.ca/competitions/obl/ontario-basketball-league-schedule-2/,,,
EY Eagles - O'Brien,Ontario,OBL,1,,obl-teams,East York Basketball,0.432,https://basketball.on.ca/competitions/obl/ontario-basketball-league-schedule-2/,,,
YNBA Avengers U14G Liversidge,Ontario,OBL,1,,obl-teams,YNBA Basketball,0.364,https://basketball.on.ca/competitions/obl/ontario-basketball-league-schedule-2/,,,
Kingston Impact Law,Ontario,OBL,1,,obl-teams,Kingston Impact,0.882,https://basketball.on.ca/competitions/obl/ontario-basketball-league-schedule-2/,,,
Sudbury Storm - Coach Breanna -26,Ontario,OBL,1,,obl-teams,Sudbury Youth Basketball Association (Jam),0.455,https://basketball.on.ca/competitions/obl/ontario-basketball-league-schedule-2/,,,
Brampton Warriors U16B,Ontario,OBL,1,,obl-teams,Brampton Minor Basketball (BMBA),0.872,https://basketball.on.ca/competitions/obl/ontario-basketball-league-schedule-2/,,,
London Ramblers Red,Ontario,OBL,1,,obl-teams,London Ramblers,0.882,https://basketball.on.ca/competitions/obl/ontario-basketball-league-schedule-2/,,,
Burloak Elite Xzennis,Ontario,OBL,1,,obl-teams,Burloak Elite,0.85,https://basketball.on.ca/competitions/obl/ontario-basketball-league-schedule-2/,,,
London Ramblers Blue,Ontario,OBL,1,,obl-teams,London Ramblers,0.857,https://basketball.on.ca/competitions/obl/ontario-basketball-league-schedule-2/,,,
London Gold Medal-Cyros,Ontario,OBL,1,,obl-teams,London Royals,0.611,https://basketball.on.ca/competitions/obl/ontario-basketball-league-schedule-2/,,,
OSS Rising Stars - Al Hussaini,Ontario,OBL,1,,obl-teams,Ottawa Shooting Stars,0.595,https://basketball.on.ca/competitions/obl/ontario-basketball-league-schedule-2/,,,
Haldimand Huskies Hinzey,Ontario,OBL,1,,obl-teams,Haldimand Huskies,0.85,https://basketball.on.ca/competitions/obl/ontario-basketball-league-schedule-2/,,,
TTT U16 Boys - Scott,Ontario,OBL,1,,obl-teams,Toronto Top Tier,0.485,https://basketball.on.ca/competitions/obl/ontario-basketball-league-schedule-2/,,,
Union Elite Basil,Ontario,OBL,1,,obl-teams,Union Elite Basketball,0.85,https://basketball.on.ca/competitions/obl/ontario-basketball-league-schedule-2/,,,
Sudbury Storm - - Coach Dan –26,Ontario,OBL,1,,obl-teams,Sudbury Youth Basketball Association (Jam),0.449,https://basketball.on.ca/competitions/obl/ontario-basketball-league-schedule-2/,,,
DK Dragons Red,Ontario,OBL,1,,obl-teams,DK Dragons,0.85,https://basketball.on.ca/competitions/obl/ontario-basketball-league-schedule-2/,,,
Hamilton Celtics U16B,Ontario,OBL,1,,obl-teams,Hamilton Celtics,0.865,https://basketball.on.ca/competitions/obl/ontario-basketball-league-schedule-2/,,,
Breakdown FCF,Ontario,OBL,1,,obl-teams,Breakthrough,0.48,https://basketball.on.ca/competitions/obl/ontario-basketball-league-schedule-2/,,,
GBA Steve,Ontario,OBL,1,,obl-teams,Grimsby Basketball Association,0.667,https://basketball.on.ca/competitions/obl/ontario-basketball-league-schedule-2/,,,
Toronto Lords Ptolemy,Ontario,OBL,1,,obl-teams,Toronto Lords Basketball,0.85,https://basketball.on.ca/competitions/obl/ontario-basketball-league-schedule-2/,,,
KW Viper Zavitz,Ontario,OBL,1,,obl-teams,KW Vipers,0.667,https://basketball.on.ca/competitions/obl/ontario-basketball-league-schedule-2/,,,
Burloak Elite Jamie,Ontario,OBL,1,,obl-teams,Burloak Elite,0.85,https://basketball.on.ca/competitions/obl/ontario-basketball-league-schedule-2/,,,
SBA Team Tappin,Ontario,OBL,1,,obl-teams,Scarborough Basketball Association (SBA),0.538,https://basketball.on.ca/competitions/obl/ontario-basketball-league-schedule-2/,,,
MUMBA ELITE - HENG,Ontario,OBL,1,,obl-teams,Markham Unionville Minor Basketball Association (MUMBA),0.286,https://basketball.on.ca/competitions/obl/ontario-basketball-league-schedule-2/,,,
ELITE 8,Ontario,OBL,1,,obl-teams,Elite 8 Basketball Academy,0.85,https://basketball.on.ca/competitions/obl/ontario-basketball-league-schedule-2/,,,
GBA Jaime,Ontario,OBL,1,,obl-teams,Grimsby Basketball Association,0.632,https://basketball.on.ca/competitions/obl/ontario-basketball-league-schedule-2/,,,
Kingston Impact- Turnbull,Ontario,OBL,1,,obl-teams,Kingston Impact,0.85,https://basketball.on.ca/competitions/obl/ontario-basketball-league-schedule-2/,,,
Barrie Royals Cramp,Ontario,OBL,1,,obl-teams,Barrie Royals,0.857,https://basketball.on.ca/competitions/obl/ontario-basketball-league-schedule-2/,,,
MUMBA ELITE - BLACKETT,Ontario,OBL,1,,obl-teams,Markham Unionville Minor Basketball Association (MUMBA),0.276,https://basketball.on.ca/competitions/obl/ontario-basketball-league-schedule-2/,,,
CBA White,Ontario,OBL,1,,obl-teams,Caledon Basketball Academy,0.286,https://basketball.on.ca/competitions/obl/ontario-basketball-league-schedule-2/,,,
Breakthrough Athletics,Ontario,OBL,1,,obl-teams,Breakthrough,0.706,https://basketball.on.ca/competitions/obl/ontario-basketball-league-schedule-2/,,,
Toronto Lords Yasay,Ontario,OBL,1,,obl-teams,Toronto Lords Basketball,0.85,https://basketball.on.ca/competitions/obl/ontario-basketball-league-schedule-2/,,,
Haldimand Huskies Quinn,Ontario,OBL,1,,obl-teams,Haldimand Huskies,0.85,https://basketball.on.ca/competitions/obl/ontario-basketball-league-schedule-2/,,,
GBA Jordan,Ontario,OBL,1,,obl-teams,Grimsby Basketball Association,0.6,https://basketball.on.ca/competitions/obl/ontario-basketball-league-schedule-2/,,,
Burloak Elite Anthony,Ontario,OBL,1,,obl-teams,Burloak Elite,0.85,https://basketball.on.ca/competitions/obl/ontario-basketball-league-schedule-2/,,,
DBA Team Wright,Ontario,OBL,1,,obl-teams,,,https://basketball.on.ca/competitions/obl/ontario-basketball-league-schedule-2/,,,
U16B Trailblazers,Ontario,OBL,1,,obl-teams,,,https://basketball.on.ca/competitions/obl/ontario-basketball-league-schedule-2/,,,
SBA Team Moore,Ontario,OBL,1,,obl-teams,Scarborough Basketball Association (SBA),0.48,https://basketball.on.ca/competitions/obl/ontario-basketball-league-schedule-2/,,,
YNBA Avengers U16B Gabel,Ontario,OBL,1,,obl-teams,YNBA Basketball,0.513,https://basketball.on.ca/competitions/obl/ontario-basketball-league-schedule-2/,,,
MUMBA ELITE - NISAL,Ontario,OBL,1,,obl-teams,Markham Unionville Minor Basketball Association (MUMBA),0.281,https://basketball.on.ca/competitions/obl/ontario-basketball-league-schedule-2/,,,
GLADIATORS ROWELL,Ontario,OBL,1,,obl-teams,Gladiators Basketball (G-Squad),0.737,https://basketball.on.ca/competitions/obl/ontario-basketball-league-schedule-2/,,,
MYAA Jaguars,Ontario,OBL,1,,obl-teams,Mississauga Youth Athletics Association,0.275,https://basketball.on.ca/competitions/obl/ontario-basketball-league-schedule-2/,,,
Dk Dragons Black,Ontario,OBL,1,,obl-teams,DK Dragons,0.85,https://basketball.on.ca/competitions/obl/ontario-basketball-league-schedule-2/,,,
NRBA Mad Dogz-English,Ontario,OBL,1,,obl-teams,NRBA,0.32,https://basketball.on.ca/competitions/obl/ontario-basketball-league-schedule-2/,,,
Northumberland Edge,Ontario,OBL,1,,obl-teams,Northern Kings,0.606,https://basketball.on.ca/competitions/obl/ontario-basketball-league-schedule-2/,,,
TTT U16 Boys - Batura,Ontario,OBL,1,,obl-teams,Toronto Top Tier,0.529,https://basketball.on.ca/competitions/obl/ontario-basketball-league-schedule-2/,,,
Sudbury Storm - - Coach Noah - -26,Ontario,OBL,1,,obl-teams,Sudbury Youth Basketball Association (Jam),0.449,https://basketball.on.ca/competitions/obl/ontario-basketball-league-schedule-2/,,,
Ancaster Magic Palamarchuk,Ontario,OBL,1,,obl-teams,Ancaster Magic Basketball,0.85,https://basketball.on.ca/competitions/obl/ontario-basketball-league-schedule-2/,,,
YSSK Lee,Ontario,OBL,1,,obl-teams,York South Silver Knights,0.303,https://basketball.on.ca/competitions/obl/ontario-basketball-league-schedule-2/,,,
YSSK Jones,Ontario,OBL,1,,obl-teams,York South Silver Knights,0.343,https://basketball.on.ca/competitions/obl/ontario-basketball-league-schedule-2/,,,
Ancaster Magic Bonitatibus,Ontario,OBL,1,,obl-teams,Ancaster Magic Basketball,0.85,https://basketball.on.ca/competitions/obl/ontario-basketball-league-schedule-2/,,,
Burloak Elite Ossama,Ontario,OBL,1,,obl-teams,Burloak Elite,0.85,https://basketball.on.ca/competitions/obl/ontario-basketball-league-schedule-2/,,,
SBA Team Barron,Ontario,OBL,1,,obl-teams,Scarborough Basketball Association (SBA),0.538,https://basketball.on.ca/competitions/obl/ontario-basketball-league-schedule-2/,,,
GCBA Wolverines,Ontario,OBL,1,,obl-teams,Gloucester Cumberland Basketball Association (Wolverines),0.271,https://basketball.on.ca/competitions/obl/ontario-basketball-league-schedule-2/,,,
Peterborough Power McGarry,Ontario,OBL,1,,obl-teams,Peterborough City Basketball Club,0.542,https://basketball.on.ca/competitions/obl/ontario-basketball-league-schedule-2/,,,
YNBA Avengers,Ontario,OBL,1,,obl-teams,YNBA Basketball,0.5,https://basketball.on.ca/competitions/obl/ontario-basketball-league-schedule-2/,,,
Blitz - St. Julien,Ontario,OBL,1,,obl-teams,,,https://basketball.on.ca/competitions/obl/ontario-basketball-league-schedule-2/,,,
SBA Team Wiltshire,Ontario,OBL,1,,obl-teams,SBA Blues,0.444,https://basketball.on.ca/competitions/obl/ontario-basketball-league-schedule-2/,,,
Inter-City Saints Redley,Ontario,OBL,1,,obl-teams,Inter-City Saints,0.85,https://basketball.on.ca/competitions/obl/ontario-basketball-league-schedule-2/,,,
Cambridge Basketball- Jaipersaud,Ontario,OBL,1,,obl-teams,Cambridge Basketball,0.85,https://basketball.on.ca/competitions/obl/ontario-basketball-league-schedule-2/,,,
Sudbury Storm - Coach Ghislain -26,Ontario,OBL,1,,obl-teams,Sudbury Youth Basketball Association (Jam),0.449,https://basketball.on.ca/competitions/obl/ontario-basketball-league-schedule-2/,,,
Swampdonkeys,Ontario,OBL,1,,obl-teams,,,https://basketball.on.ca/competitions/obl/ontario-basketball-league-schedule-2/,,,
NMBA Edge,Ontario,OBL,1,,obl-teams,"Northumberland Minor Basketball Association (formerly Lakeshore Minor Basketball Association, rebranded 2022)",0.231,https://basketball.on.ca/competitions/obl/ontario-basketball-league-schedule-2/,,,
Jump Basketball West,Ontario,OBL,1,,obl-teams,JUMP Basketball,0.857,https://basketball.on.ca/competitions/obl/ontario-basketball-league-schedule-2/,,,
GBA Jamal,Ontario,OBL,1,,obl-teams,Grimsby Basketball Association,0.588,https://basketball.on.ca/competitions/obl/ontario-basketball-league-schedule-2/,,,
OSS Rising Stars,Ontario,OBL,1,,obl-teams,Ottawa Shooting Stars,0.595,https://basketball.on.ca/competitions/obl/ontario-basketball-league-schedule-2/,,,
Gibbons,Ontario,OBL,1,,obl-teams,,,https://basketball.on.ca/competitions/obl/ontario-basketball-league-schedule-2/,,,
Sudbury Storm - Coach Josh -26,Ontario,OBL,1,,obl-teams,Sudbury Youth Basketball Association (Jam),0.449,https://basketball.on.ca/competitions/obl/ontario-basketball-league-schedule-2/,,,
Kingston Impact- Wallace,Ontario,OBL,1,,obl-teams,Kingston Impact,0.85,https://basketball.on.ca/competitions/obl/ontario-basketball-league-schedule-2/,,,
SBA Team Andrade,Ontario,OBL,1,,obl-teams,Scarborough Basketball Association (SBA),0.519,https://basketball.on.ca/competitions/obl/ontario-basketball-league-schedule-2/,,,
WOODBRIDGE LIONS U17B,Ontario,OBL,1,,obl-teams,Woodbridge Basketball Association,0.556,https://basketball.on.ca/competitions/obl/ontario-basketball-league-schedule-2/,,,
TTT U17 Boys,Ontario,OBL,1,,obl-teams,Toronto Top Tier,0.4,https://basketball.on.ca/competitions/obl/ontario-basketball-league-schedule-2/,,,
CBA Varsity U17 Boys,Ontario,OBL,1,,obl-teams,Caledon Basketball Academy,0.261,https://basketball.on.ca/competitions/obl/ontario-basketball-league-schedule-2/,,,
ONL U17 Boys - Mostafa,Ontario,OBL,1,,obl-teams,ONL-X Basketball,0.5,https://basketball.on.ca/competitions/obl/ontario-basketball-league-schedule-2/,,,
YNBA Avengers U17B McWilliams,Ontario,OBL,1,,obl-teams,YNBA Basketball,0.455,https://basketball.on.ca/competitions/obl/ontario-basketball-league-schedule-2/,,,
Barrie Royals Chapler,Ontario,OBL,1,,obl-teams,Barrie Royals,0.85,https://basketball.on.ca/competitions/obl/ontario-basketball-league-schedule-2/,,,
Ancaster Magic Gray,Ontario,OBL,1,,obl-teams,Ancaster Magic Basketball,0.85,https://basketball.on.ca/competitions/obl/ontario-basketball-league-schedule-2/,,,
Breakdown Impowerful,Ontario,OBL,1,,obl-teams,Breakthrough,0.438,https://basketball.on.ca/competitions/obl/ontario-basketball-league-schedule-2/,,,
Malton Sting Basketball- U17B,Ontario,OBL,1,,obl-teams,Malton Sting Basketball Club,0.929,https://basketball.on.ca/competitions/obl/ontario-basketball-league-schedule-2/,,,
GM JOHNSTON,Ontario,OBL,1,,obl-teams,GTA Mavericks,0.298,https://basketball.on.ca/competitions/obl/ontario-basketball-league-schedule-2/,,,
Jump Basketball East,Ontario,OBL,1,,obl-teams,JUMP Basketball,0.857,https://basketball.on.ca/competitions/obl/ontario-basketball-league-schedule-2/,,,
Guelph CYO,Ontario,OBL,1,,obl-teams,Guelph Gryphons Basketball,0.72,https://basketball.on.ca/competitions/obl/ontario-basketball-league-schedule-2/,,,
KW Viper Perrott,Ontario,OBL,1,,obl-teams,KW Vipers,0.64,https://basketball.on.ca/competitions/obl/ontario-basketball-league-schedule-2/,,,
Ancaster Magic McEwen,Ontario,OBL,1,,obl-teams,Ancaster Magic Basketball,0.85,https://basketball.on.ca/competitions/obl/ontario-basketball-league-schedule-2/,,,
Haldimand Huskies Tindale,Ontario,OBL,1,,obl-teams,Haldimand Huskies,0.85,https://basketball.on.ca/competitions/obl/ontario-basketball-league-schedule-2/,,,
U17B Trailblazers,Ontario,OBL,1,,obl-teams,,,https://basketball.on.ca/competitions/obl/ontario-basketball-league-schedule-2/,,,
SBA Team Patterson,Ontario,OBL,1,,obl-teams,Scarborough Basketball Association (SBA),0.552,https://basketball.on.ca/competitions/obl/ontario-basketball-league-schedule-2/,,,
GLADIATORS BRAD,Ontario,OBL,1,,obl-teams,Gladiators Basketball (G-Squad),0.8,https://basketball.on.ca/competitions/obl/ontario-basketball-league-schedule-2/,,,
ABA TORONTO KNIGHTS (Albany Avenue Basketball Inc.),Ontario,OBL,1,,obl-teams,,,https://basketball.on.ca/competitions/obl/ontario-basketball-league-schedule-2/,,,
Guelph Knights Red,Ontario,OBL,1,,obl-teams,Guelph Knights,0.875,https://basketball.on.ca/competitions/obl/ontario-basketball-league-schedule-2/,,,
SBA Team Heraldo,Ontario,OBL,1,,obl-teams,Scarborough Basketball Association (SBA),0.593,https://basketball.on.ca/competitions/obl/ontario-basketball-league-schedule-2/,,,
PBAA Academy,Ontario,OBL,1,,obl-teams,P13 Academy,0.783,https://basketball.on.ca/competitions/obl/ontario-basketball-league-schedule-2/,,,
Brantford CYO -Towers,Ontario,OBL,1,,obl-teams,Brantford CYO Boys,0.842,https://basketball.on.ca/competitions/obl/ontario-basketball-league-schedule-2/,,,
Brampton Warriors U17G- Ganza,Ontario,OBL,1,,obl-teams,Brampton Minor Basketball (BMBA),0.85,https://basketball.on.ca/competitions/obl/ontario-basketball-league-schedule-2/,,,
TTT U17 Girls,Ontario,OBL,1,,obl-teams,Toronto Top Tier,0.414,https://basketball.on.ca/competitions/obl/ontario-basketball-league-schedule-2/,,,
KW Viper Scott,Ontario,OBL,1,,obl-teams,KW Vipers,0.783,https://basketball.on.ca/competitions/obl/ontario-basketball-league-schedule-2/,,,
U17G Trailblazers,Ontario,OBL,1,,obl-teams,,,https://basketball.on.ca/competitions/obl/ontario-basketball-league-schedule-2/,,,
Oshawa Strikers,Ontario,OBL,1,,obl-teams,Ottawa South Basketball Association,0.519,https://basketball.on.ca/competitions/obl/ontario-basketball-league-schedule-2/,,,
Peterborough Power Butcher,Ontario,OBL,1,,obl-teams,Peterborough City Basketball Club,0.542,https://basketball.on.ca/competitions/obl/ontario-basketball-league-schedule-2/,,,
Flamborough Fire Sol,Ontario,OBL,1,,obl-teams,Flamborough Fire,0.889,https://basketball.on.ca/competitions/obl/ontario-basketball-league-schedule-2/,,,
SBA Team Manalo,Ontario,OBL,1,,obl-teams,Scarborough Basketball Association (SBA),0.462,https://basketball.on.ca/competitions/obl/ontario-basketball-league-schedule-2/,,,
Grimsby Grizzlies Elmer,Ontario,OBL,1,,obl-teams,Grimsby Basketball Association,0.467,https://basketball.on.ca/competitions/obl/ontario-basketball-league-schedule-2/,,,
London 86ers- Spears,Ontario,OBL,1,,obl-teams,London 86ers,0.85,https://basketball.on.ca/competitions/obl/ontario-basketball-league-schedule-2/,,,
Cambridge Basketball- Crawford,Ontario,OBL,1,,obl-teams,Cambridge Basketball,0.85,https://basketball.on.ca/competitions/obl/ontario-basketball-league-schedule-2/,,,
DK U19 Men,Ontario,OBL,1,,obl-teams,DK Dragons,0.4,https://basketball.on.ca/competitions/obl/ontario-basketball-league-schedule-2/,,,
Sudbury Storm - - Coach Tony -26,Ontario,OBL,1,,obl-teams,Sudbury Youth Basketball Association (Jam),0.449,https://basketball.on.ca/competitions/obl/ontario-basketball-league-schedule-2/,,,
Ancaster Magic Francis,Ontario,OBL,1,,obl-teams,Ancaster Magic Basketball,0.85,https://basketball.on.ca/competitions/obl/ontario-basketball-league-schedule-2/,,,
CBA Varsity U19 Boys,Ontario,OBL,1,,obl-teams,Caledon Basketball Academy,0.261,https://basketball.on.ca/competitions/obl/ontario-basketball-league-schedule-2/,,,
KW Viper Randell,Ontario,OBL,1,,obl-teams,KW Vipers,0.64,https://basketball.on.ca/competitions/obl/ontario-basketball-league-schedule-2/,,,
CK Wildcats,Ontario,OBL,1,,obl-teams,,,https://basketball.on.ca/competitions/obl/ontario-basketball-league-schedule-2/,,,
Collingwood Trailblazers U19M,Ontario,OBL,1,,obl-teams,Collingwood Trailblazers,0.906,https://basketball.on.ca/competitions/obl/ontario-basketball-league-schedule-2/,,,
TTT U19 Boys,Ontario,OBL,1,,obl-teams,Toronto Top Tier,0.4,https://basketball.on.ca/competitions/obl/ontario-basketball-league-schedule-2/,,,
WOODBRIDGE LIONS U19M,Ontario,OBL,1,,obl-teams,Woodbridge Basketball Association,0.556,https://basketball.on.ca/competitions/obl/ontario-basketball-league-schedule-2/,,,
Ancaster Magic Ransom,Ontario,OBL,1,,obl-teams,Ancaster Magic Basketball,0.85,https://basketball.on.ca/competitions/obl/ontario-basketball-league-schedule-2/,,,
SBA Team Matsugu,Ontario,OBL,1,,obl-teams,SBA Blues,0.48,https://basketball.on.ca/competitions/obl/ontario-basketball-league-schedule-2/,,,
GLADIATORS ANDRE,Ontario,OBL,1,,obl-teams,Gladiators Basketball (G-Squad),0.839,https://basketball.on.ca/competitions/obl/ontario-basketball-league-schedule-2/,,,
YSSK Jameer,Ontario,OBL,1,,obl-teams,York South Silver Knights,0.533,https://basketball.on.ca/competitions/obl/ontario-basketball-league-schedule-2/,,,
KW Viper Streit,Ontario,OBL,1,,obl-teams,KW Vipers,0.75,https://basketball.on.ca/competitions/obl/ontario-basketball-league-schedule-2/,,,
Brooklin Elite,Ontario,OBL,1,,obl-teams,Burloak Elite,0.741,https://basketball.on.ca/competitions/obl/ontario-basketball-league-schedule-2/,,,
MUMBA ELITE - MACDONALD,Ontario,OBL,1,,obl-teams,Markham Unionville Minor Basketball Association (MUMBA),0.294,https://basketball.on.ca/competitions/obl/ontario-basketball-league-schedule-2/,,,
SBA Team Busby,Ontario,OBL,1,,obl-teams,SBA Blues,0.522,https://basketball.on.ca/competitions/obl/ontario-basketball-league-schedule-2/,,,
U19W Trailblazers,Ontario,OBL,1,,obl-teams,,,https://basketball.on.ca/competitions/obl/ontario-basketball-league-schedule-2/,,,
TTT U19 Girls,Ontario,OBL,1,,obl-teams,Toronto Top Tier,0.414,https://basketball.on.ca/competitions/obl/ontario-basketball-league-schedule-2/,,,
Woodbridge Lions - U19W YOUSEF,Ontario,OBL,1,,obl-teams,Woodbridge Basketball Association,0.612,https://basketball.on.ca/competitions/obl/ontario-basketball-league-schedule-2/,,,
Barrie Royals Wylie,Ontario,OBL,1,,obl-teams,Barrie Royals,0.85,https://basketball.on.ca/competitions/obl/ontario-basketball-league-schedule-2/,,,
Brampton Warriors u19G- Graham,Ontario,OBL,1,,obl-teams,Brampton Minor Basketball (BMBA),0.85,https://basketball.on.ca/competitions/obl/ontario-basketball-league-schedule-2/,,,
YSSK Marchione,Ontario,OBL,1,,obl-teams,York South Silver Knights,0.444,https://basketball.on.ca/competitions/obl/ontario-basketball-league-schedule-2/,,,
London CYO Lambert,Ontario,OBL,1,,obl-teams,London CYO Basketball,0.85,https://basketball.on.ca/competitions/obl/ontario-basketball-league-schedule-2/,,,
Burloak Elite Darcy,Ontario,OBL,1,,obl-teams,Burloak Elite,0.85,https://basketball.on.ca/competitions/obl/ontario-basketball-league-schedule-2/,,,
KW Viper Dunkley,Ontario,OBL,1,,obl-teams,KW Vipers,0.64,https://basketball.on.ca/competitions/obl/ontario-basketball-league-schedule-2/,,,
Inter-City Saints Vasquez,Ontario,OBL,1,,obl-teams,Inter-City Saints,0.85,https://basketball.on.ca/competitions/obl/ontario-basketball-league-schedule-2/,,,
GBA North,Ontario,CYBL (Canadian Youth Basketball League),,2025-26,obl-teams,Gators Basketball Academy,0.533,https://www.cybl.ca/,,,
Hampton City,Ontario,CYBL (Canadian Youth Basketball League),,2025-26,obl-teams,Hamilton Celtics,0.643,https://www.cybl.ca/ (High School division),,,
Colts,Ontario,CYBL (Canadian Youth Basketball League),,2025-26,obl-teams,Colts Prep (Bill Crothers SS),0.667,https://www.cybl.ca/ (High School division),,,
Barrhead Minor Basketball,,Jr. NBA Canada,,2019,jrnba-2019,Brampton Minor Basketball (BMBA),0.76,https://www.jrnba.ca/the-program/find-your-program,,,
Barrhead Minor Basketball,,Jr. NBA Canada,,2020,jrnba-2019,Brampton Minor Basketball (BMBA),0.76,https://www.jrnba.ca/the-program/find-your-program,,,
Baskademie,,Jr. NBA Canada,,2019-20,jrnba-2019,21 Basketball Academy,0.516,https://www.jrnba.ca/the-program/find-your-program,,,
Brokenhead River Rec Commission,,Jr. NBA Canada,,2019,jrnba-2019,Basketball Basics Inc,0.308,https://www.jrnba.ca/the-program/find-your-program,,,
Brokenhead River Rec Commission,,Jr. NBA Canada,,2020,jrnba-2019,Basketball Basics Inc,0.308,https://www.jrnba.ca/the-program/find-your-program,,,
Burlington Recreation,,Jr. NBA Canada,,2019-20,jrnba-2019,Burlington Basketball,0.703,https://www.jrnba.ca/the-program/find-your-program,,,
City of Penticton,,Jr. NBA Canada,,2019,jrnba-2019,City of Morden Recreation — Youth Basketball,0.667,https://www.jrnba.ca/the-program/find-your-program,,,
Community YMCA,,Jr. NBA Canada,,2019,jrnba-2019,Community YMCA Panthers Basketball (YMCA of Greater Halifax/Dartmouth),0.85,https://www.jrnba.ca/the-program/find-your-program,,,
Greenwave United Basketball United,,Jr. NBA Canada,,2019,jrnba-2019,Greenwave United (Saskatoon Basketball Academy),0.85,https://www.jrnba.ca/the-program/find-your-program,,,
Junior Ball-Stars,,Jr. NBA Canada,,2020,jrnba-2019,Junior Reds Basketball (UNB),0.564,https://www.jrnba.ca/the-program/find-your-program,,,
Kamloops Jr. NBA,,Jr. NBA Canada,,2019-20,jrnba-2019,Kamloops Hoops,0.621,https://www.jrnba.ca/the-program/find-your-program,,,
Kimberley Basketball Association,,Jr. NBA Canada,,2019,jrnba-2019,Kelowna Minor Basketball Association (KMBA),0.765,https://www.jrnba.ca/the-program/find-your-program,,,
Lunenburg County YMCA,,Jr. NBA Canada,,2019,jrnba-2019,Big Country Basketball,0.512,https://www.jrnba.ca/the-program/find-your-program,,,
MCBC Jr. NBA,,Jr. NBA Canada,,2019,jrnba-2019,MCBC . NBA,0.842,https://www.jrnba.ca/the-program/find-your-program,,,
North Cowichen Parks and Rec,,Jr. NBA Canada,,2019,jrnba-2019,North Bay Spartans,0.531,https://www.jrnba.ca/the-program/find-your-program,,,
Northside Minor Basketball Association,,Jr. NBA Canada,,2020,jrnba-2019,Northside Youth Basketball Association (Jr Marauders),0.895,https://www.jrnba.ca/the-program/find-your-program,,,
Olds College Broncos MBB,,Jr. NBA Canada,,2019,jrnba-2019,Olds College Jr. NBA Youth Basketball,0.567,https://www.jrnba.ca/the-program/find-your-program,,,
Saskatchewan Youth Basketball,,Jr. NBA Canada,,2019-20,jrnba-2019,SaskHomeCourt Basketball,0.717,https://www.jrnba.ca/the-program/find-your-program,,,
Saskatchewan Youth Basketball,,Jr. NBA Canada,,2019-20,jrnba-2019,SaskHomeCourt Basketball,0.717,https://www.jrnba.ca/the-program/find-your-program,,,
Saskatchewan Youth Basketball,,Jr. NBA Canada,,2019-20,jrnba-2019,SaskHomeCourt Basketball,0.717,https://www.jrnba.ca/the-program/find-your-program,,,
Saskatchewan Youth Basketball,,Jr. NBA Canada,,2019-20,jrnba-2019,SaskHomeCourt Basketball,0.717,https://www.jrnba.ca/the-program/find-your-program,,,
St John Brebeuf School,,Jr. NBA Canada,,2019,jrnba-2019,St. Michael's College School,0.531,https://www.jrnba.ca/the-program/find-your-program,,,
Veronica Brown,,Jr. NBA Canada,,2019,jrnba-2019,Municipality of Powassan,0.421,https://www.jrnba.ca/the-program/find-your-program,,,
Veronica Brown,,Jr. NBA Canada,,2020,jrnba-2019,Municipality of Powassan,0.421,https://www.jrnba.ca/the-program/find-your-program,,,
Victoria Jr. NBA,,Jr. NBA Canada,,2020,jrnba-2019,Victory Prep,0.593,https://www.jrnba.ca/the-program/find-your-program,,,
Western Canada Rush,,Jr. NBA Canada,,2019,jrnba-2019,Western Avalanche Basketball Club,0.538,https://www.jrnba.ca/the-program/find-your-program,,,
Western Canada Rush,,Jr. NBA Canada,,2020,jrnba-2019,Western Avalanche Basketball Club,0.538,https://www.jrnba.ca/the-program/find-your-program,,,
Western Canada Rush,,Jr. NBA Canada,,2020,jrnba-2019,Western Avalanche Basketball Club,0.538,https://www.jrnba.ca/the-program/find-your-program,,,
Western Canada Rush,,Jr. NBA Canada,,2019,jrnba-2019,Western Avalanche Basketball Club,0.538,https://www.jrnba.ca/the-program/find-your-program,,,
YMCA of Medicine Hat,,Jr. NBA Canada,,2019,jrnba-2019,YMCA of Fredericton — Youth Basketball (Jr. NBA),0.667,https://www.jrnba.ca/the-program/find-your-program,,,
YMCA of Medicine Hat,,Jr. NBA Canada,,2020,jrnba-2019,YMCA of Fredericton — Youth Basketball (Jr. NBA),0.667,https://www.jrnba.ca/the-program/find-your-program,,,
