province,club_a,city_a,contact_a,club_b,city_b,contact_b,shared_words,complementary,same_contact,verdict,reviewer,notes
Ontario,Burloak Basketball,,info@burloakbasketball.com,Burloak Elite,Burlington/Oakville,info@burloakbasketball.com,burloak,,yes,,,
Ontario,CALI,,contact@caliprepacademy.com,CALI Prep Academy,Pickering,contact@caliprepacademy.com,cali,,yes,,,
Ontario,Collective Elite Academy,Brampton,info@thecollectiveelite.ca,The Collective Elite Basketball Association,,info@thecollectiveelite.ca,collective,,yes,,,
Ontario,Eastern Basketball Academy,,info@easternbasketball.ca,Eastern Basketball Association,Oshawa / Pickering / Ajax / Whitby / Clarington,info@easternbasketball.ca,eastern,,yes,,,
Ontario,Gators Basketball Academy (Markham Gators),Durham Region ON,contactgatorsacademy@gmail.com,Gators Elite,,contactgatorsacademy@gmail.com,gators,,yes,,,
Ontario,Kemptville,Kemptville,info@kemptvillewarriors.ca,Kemptville Warriors,,info@kemptvillewarriors.ca,kemptville,,yes,,,
British Columbia,Panther Hoops,Coquitlam,info@pantherhoops.ca,Panther Hoops,Port Coquitlam,info@pantherhoops.ca,panther,,yes,,,
Ontario,RSB,,rsbelite@gmail.com,RSB Elite,,rsbelite@gmail.com,rsb,,yes,,,
Ontario,Royal Crown,,admissions@royalcrownschool.com,Royal Crown Academic School,Scarborough,admissions@royalcrownschool.com,crown,,yes,,,
Ontario,Royal Crown,,admissions@royalcrownschool.com,Royal Crown School,Toronto,admissions@royalcrownschool.com,crown,,yes,,,
Ontario,Silver Knights,,ysskbc@gmail.com,York South Silver Knights,Richmond Hill/Markham ON,ysskbc@gmail.com,knights silver,,yes,,,
Ontario,St. Jude's Basketball,,admissions@stjudesacademy.ca,St. Jude's Prep,Mississauga,admissions@stjudesacademy.ca,jude,,yes,,,
Ontario,Top Tier,,torontotoptierhoops@gmail.com,Toronto Top Tier,Etobicoke,torontotoptierhoops@gmail.com,tier top,,yes,,,
Ontario,Windsor Suns Elite Basketball,Windsor,renevillavecer@yahoo.com,WPA Suns,,renevillavecer@yahoo.com,suns,,yes,,,
Ontario,York North Basketball Association,Newmarket ON,admin@ynba.ca,York Region Elite,,admin@ynba.ca,york,,yes,,,
Ontario,416 United,Toronto,416basketballto@gmail.com,DC United,,,united,yes,,,,
Ontario,416 United,Toronto,416basketballto@gmail.com,Team 416,Toronto,,416,yes,,,,
New Brunswick,506 Elevate Basketball (formerly 506 Shamrocks),Moncton,,506 Elite (TH Sports Group),Moncton,(506) 378-2880,506,yes,,,,
Quebec,Académie d'Alma (Alma Prep),Alma QC,eric.benoit@collegealma.ca,L'Académie d'Alma,Alma,,academie,yes,,,,
Ontario,Ace Acumen Heights Academy,Toronto (Don Mills) + Brampton,admissions@aahs.ca,ACE Basketball,,,ace,yes,,,,
Ontario,All-In,,,HOOPS All-Star Basketball Inc.,Sarnia,hoops.office@hoopsallstar.ca,all,yes,,,,
Ontario,Alpha Elite,,,Alpha Elite Sports Group,Toronto ON,contact@alphaelitesportsgroup.com,alpha,yes,,,,
Ontario,Ancaster Basketball Club (Magic),,,Ancaster Magic Basketball,Ancaster,ancastermagic@gmail.com,ancaster,yes,,,,
Ontario,BGC Peel (Boys and Girls Club of Peel),Mississauga/Brampton/Caledon,,Peel Elite,Mississauga/Brampton,peelelite.basketball@gmail.com,peel,yes,,,,
Ontario,Bounce Elite,,,CIA Bounce / Nike EYBL,Toronto (GTA-wide),ciabounce@gmail.com,bounce,yes,,,,
Ontario,Brian Owusu Academy,,,iDream by Brian Owusu Academy (BOA),Toronto ON,brianowusuacademy@gmail.com,brian owusu,yes,,,,
Ontario,Canadian Basketball Academy,Toronto,(416) 993-9536,Canadian Private School,,,canadian,yes,,,,
Ontario,Cathedral,,,Cathedral High School,Hamilton,chs@hwcdsb.ca,cathedral,yes,,,,
Ontario,Clippers,,,County Clippers,"Eli Carlone, rep",info@countyclippers.ca,clippers,yes,,,,
Ontario,Clippers,,,Prince Edward County Clippers,Prince Edward County,info@countyclippers.ca,clippers,yes,,,,
Ontario,Cornwall & United Counties Basketball Association (Lions),Cornwall,lionscornwall@gmail.com,DC United,,,united,yes,,,,
Ontario,DC United,,,West United Prep,city unconfirmed,westunitedprepacademy@gmail.com,united,yes,,,,
Ontario,DC United,,,West United Prep Academy,Halton (Oakville/Burlington) ON,westunitedprepacademy@gmail.com,united,yes,,,,
Ontario,DC United,,,Windsor United,Windsor,info@windsorunited.ca,united,yes,,,,
Ontario,DFam United,,,West United Prep,city unconfirmed,westunitedprepacademy@gmail.com,united,yes,,,,
Ontario,DFam United,,,West United Prep Academy,Halton (Oakville/Burlington) ON,westunitedprepacademy@gmail.com,united,yes,,,,
Ontario,DFam United,,,Windsor United,Windsor,info@windsorunited.ca,united,yes,,,,
Ontario,Durham Basketball Club,Durham,durhambasketballclub@gmail.com,Durham Crossover Basketball,,,durham,yes,,,,
Ontario,Durham Basketball Club,Durham,durhambasketballclub@gmail.com,Durham Force,,,durham,yes,,,,
Ontario,Durham City Basketball Association,Ajax/Pickering/Whitby/Oshawa,info@durhamcitybasketball.ca,Durham Crossover Basketball,,,durham,yes,,,,
Ontario,Durham City Basketball Association,Ajax/Pickering/Whitby/Oshawa,info@durhamcitybasketball.ca,Durham Force,,,durham,yes,,,,
British Columbia,EK Hoops Training,Surrey,,X.V. Training Academy,Surrey,info@xvtrainingacademy.com,training,yes,,,,
Ontario,East York Basketball,Toronto (East/Beaches),info@eastyorkbasketball.com,North York Pinoy Athletic Association (North York Aquilas),,,york,yes,,,,
Ontario,Eastern Academy,,,Eastern Basketball Academy,,info@easternbasketball.ca,eastern,yes,,,,
Ontario,Eastern Academy,,,Eastern Basketball Association,Oshawa / Pickering / Ajax / Whitby / Clarington,info@easternbasketball.ca,eastern,yes,,,,
Ontario,Eastern Academy,,,YMCA of Eastern Ontario Brockville,Brockville,mike_dewitt@kingston.ymca.ca,eastern,yes,,,,
Ontario,Eastern Academy,,,YMCA of Eastern Ontario Kingston,Kingston,mike_dewitt@kingston.ymca.ca,eastern,yes,,,,
Ontario,Eastern Basketball Academy,,info@easternbasketball.ca,Eastern Earthquakes,"Eastern Ontario, inferred from name",,eastern,yes,,,,
Ontario,Eastern Basketball Academy,,info@easternbasketball.ca,Eastern Ontario Basketball League (EOBL),Eastern Ontario (Ottawa area),,eastern,yes,,,,
Ontario,Edge Basketball,,,Edge School (Edge Varsity/Prep),Calgary AB,403-246-6432,edge,yes,,,,
Ontario,Edge School (Edge Varsity/Prep),Calgary AB,403-246-6432,Edge Varsity,,,edge,yes,,,,
Ontario,Gators Elite,,contactgatorsacademy@gmail.com,Markham Gators,Markham,,gators,yes,,,,
Ontario,House of Legends,,contact@houseoflegends.ca,Legends Elite,,,legends,yes,,,,
Ontario,Huron Lakers,,,Orillia Lakers,Orillia,vicepresident@orillialakers.com,lakers,yes,,,,
Ontario,Innisfil Ballers,Innisfil,,Kid Ballers (Durham Region Basketball),,4165871149,ballers,yes,,,,
Ontario,Inter-City Saints,,,Tecumseh Saints Basketball Association,Tecumseh,admin@tecumsehsaintsbasketball.com,saints,yes,,,,
Ontario,K9 Elite Hoopers,,infok9elite@gmail.com,Little Hoopers (New Tecumseth Jr NBA Basketball Program),Alliston,,hoopers,yes,,,,
Alberta,Magrath Rockets / Pandas,Magrath,403-758-3366,Magrath youth basketball (Magrath Rockets / Magrath Pandas),Magrath,,magrath,yes,,,,
Ontario,Nexus Wolves,,,Thunder Bay Jr. Wolves,Thunder Bay,wolvesclubbasketball@gmail.com,wolves,yes,,,,
Ontario,Nexus Wolves,,,Toronto Wolves Basketball Club,Toronto,705-626-5187,wolves,yes,,,,
Ontario,Niagara Falls Red Raiders,Niagara Falls,nfredraiders@gmail.com,Raiders Basketball,,,raiders,yes,,,,
Ontario,North Toronto Basketball + Scarborough Blues (joint 'GTA' JUEL/JUEL franchise),Toronto/Scarborough (GTA),,Scarborough Basketball Association,Scarborough,info@sbablues.ca,scarborough,yes,,,,
Ontario,North Toronto Basketball + Scarborough Blues (joint 'GTA' JUEL/JUEL franchise),Toronto/Scarborough (GTA),,Scarborough Prep,Scarborough,647-693-8929,scarborough,yes,,,,
Ontario,North York Pinoy Athletic Association (North York Aquilas),,,York North Basketball Association,Newmarket ON,admin@ynba.ca,york,yes,,,,
Ontario,North York Pinoy Athletic Association (North York Aquilas),,,York Region Elite,,admin@ynba.ca,york,yes,,,,
Ontario,Northern Hoops,,,Northern Kings,,contact@kingnationbasketball.com,northern,yes,,,,
Ontario,NuStep Basketball,,,Toronto NuStep Ballers / NuStep Basketball,Toronto,info@nustep.ca,nustep,yes,,,,
Ontario,Ottawa Capitals,Ottawa,,Ottawa Capitals JUEL,Ottawa ON,capitalregionjuel@gmail.com,capitals,yes,,,,
Ontario,Shelbourne Shock,,,St. Thomas Shock,St. Thomas,amandakoning@aol.com,shock,yes,,,,
Ontario,St Michael's College,Toronto,,St. Michael's College School,Toronto,info@smcsmail.com,college michael,yes,,,,
Ontario,Stoney Creek Basketball,Stoney Creek,,Stoney Creek NYB,Stoney Creek,9055232314,stoney,yes,,,,
Ontario,Top Notch Prep / TNP (Top Notch Stars),Vaughan,info@topnotchstars.com,Top Notch Prep Academy (TNPA),Vaughan/North GTA ON,,notch top,yes,,,,
Ontario,Tri-City Basketball,Kitchener/Waterloo/Cambridge,,Tri-County Soldiers,K-W/Cambridge/Guelph,elopez@soldiersbasketball.ca,tri,yes,,,,
Ontario,Tri-City Basketball,Kitchener/Waterloo/Cambridge,,Tri-County Soldiers BC,Waterloo/Kitchener ON,elopez@soldiersbasketball.ca,tri,yes,,,,
Ontario,Tri-City Prep BA,K-W-Cambridge/Guelph ON,,Tri-County Soldiers,K-W/Cambridge/Guelph,elopez@soldiersbasketball.ca,tri,yes,,,,
Ontario,Tri-County Soldiers,K-W/Cambridge/Guelph,elopez@soldiersbasketball.ca,Tri-County Thunder,Kitchener-Waterloo/Guelph/Brampton (Tri-County),,tri,yes,,,,
Ontario,Tri-County Soldiers BC,Waterloo/Kitchener ON,elopez@soldiersbasketball.ca,Tri-County Thunder,Kitchener-Waterloo/Guelph/Brampton (Tri-County),,tri,yes,,,,
Ontario,Victory,,,Victory Academy/Prep Brampton,Brampton ON,admin@victoryacademybasketball.com,victory,yes,,,,
Ontario,Victory Academy/Prep Brampton,Brampton ON,admin@victoryacademybasketball.com,Victory Prep (Brampton),Brampton ON,,victory,yes,,,,
Ontario,York North Basketball Association,Newmarket ON,admin@ynba.ca,York Region Basketball League (YRBL),Vaughan/Markham/Richmond Hill/Newmarket/Aurora,,york,yes,,,,
Ontario,York Region Basketball League (YRBL),Vaughan/Markham/Richmond Hill/Newmarket/Aurora,,York Region Elite,,admin@ynba.ca,york,yes,,,,
Ontario,York Region Basketball League (YRBL),Vaughan/Markham/Richmond Hill/Newmarket/Aurora,,York South Silver Knights,Richmond Hill/Markham ON,ysskbc@gmail.com,york,yes,,,,
Quebec,École secondaire Saint-Gabriel (CSSMI),Sainte-Thérèse QC,450-433-5445,École St-Gabriel,,,ecole gabriel,yes,,,,
Ontario,17 Ignite,,,Ignite Academy,,,ignite,,,,,
Alberta,Alberta Shooting Stars Basketball,Calgary,albertashootingstars@gmail.com,STARS Basketball (Stars Athletics),Calgary,info@starsathletics.ca,stars,,,,,
Ontario,All Star Ballers 705,Innisfil,,All-In,,,all,,,,,
Ontario,All Star Ballers 705,Innisfil,,Innisfil Ballers,Innisfil,,ballers,,,,,
Manitoba,Attack Basketball,Winnipeg,sukhvir.singh@attackbball.ca,Attack South Basketball Club,Winnipeg,attacksouthbasketball@gmail.com,attack,,,,,
Ontario,BGC London,London,info@bgclondon.ca,BGC Thunderbolts,,contactus@bgcottawa.org,bgc,,,,,
Ontario,BGC Ottawa (Boys and Girls Club of Ottawa),Ottawa,bgc_ottawa@00dau000008lu2reae.org.force.com,BGC Thunderbolts,,contactus@bgcottawa.org,bgc,,,,,
Quebec,Ballon-Panier Centre-Nord (BOP BOP),Montréal (Centre-Nord),huberttanguaylabrosse@gmail.com,Club de Basketball de Montréal-Nord (CBMN),Montréal (Montréal-Nord),info@cbmn.ca,nord,,,,,
Ontario,Belleville Spirits,Belleville,bellevillespirits@gmail.com,Belleville Spirits Boys Basketball,Belleville,boysbellevillespirits@gmail.com,spirits,,,,,
Ontario,Blessed Sacrament BC (Yellow Jackets),HAMILTON ON (not Toronto),blessedsacrament@archtoronto.org,Blessed Sacrament CYO (Yellow Jackets),Hamilton,blessedscyo@gmail.com,blessed sacrament,,,,,
Ontario,Blessed Sacrament BC (Yellow Jackets),HAMILTON ON (not Toronto),blessedsacrament@archtoronto.org,Blessed Sacrament Yellow Jackets,,info@blessedsacramentbasketball.ca,blessed sacrament,,,,,
Ontario,Brantford CYO Boys,Brantford,brantfordcyoboys@gmail.com,Brantford CYO Girls,Brantford,brantfordcyogirls@outlook.com,cyo,,,,,
Ontario,CKATT (Cooksville),Mississauga,info@ckatt.com,CKATT / Cooksville,,info@ckatt.org,ckatt,,,,,
Alberta,Calgary Northwest Basketball Association (CNWB),Calgary,calgarynwbasketball@gmail.com,Northwest Bulldogs,Calgary,piccirillojeff@gmail.com,northwest,,,,,
Alberta,Calgary Warriors Basketball Club,Calgary,calgarywarriorsbasketball.lt@gmail.com,NW Warriors,Calgary,pushkar.chicago@gmail.com,warriors,,,,,
Ontario,Cambridge Athletic Club (CAC) Youth Basketball,Cambridge,,North York Pinoy Athletic Association (North York Aquilas),,,athletic,,,,,
Ontario,Capital Courts Academy,Ottawa,info@capitalcourts.com,Capital X,"Ottawa (Capital region, inferred)",6138837296,capital,,,,,
Quebec,Club basketball Les Astéries,Victoriaville,819-460-8080,Club de Basketball les Astéries,Victoriaville,direction@asteriesbasketball.com,asteries,,,,,
Quebec,Club de basketball Révolution des Laurentides,Terrebonne / Rosemère,directeurgeneral@revolutionbasket.com,Révolution,Rosemère,514-972-6765,revolution,,,,,
Ontario,Compass Academy,NON-MATCH (NJ program only),,Team Compass,,,compass,,,,,
Ontario,Crunch Time Basketball (Ignite),Markham/Unionville/Stouffville/Richmond Hill/Newmarket/Aurora,,Crunch Time Elite,,,crunch time,,,,,
Ontario,DC United,,,DFam United,,,united,,,,,
Ontario,DC United,,,Gwillimbury Basketball United,East Gwillimbury,,united,,,,,
Ontario,DC United,,,Up North United,name suggests Northern Ontario / cottage-country origin,,united,,,,,
Ontario,DFam United,,,Gwillimbury Basketball United,East Gwillimbury,,united,,,,,
Ontario,DFam United,,,Up North United,name suggests Northern Ontario / cottage-country origin,,united,,,,,
British Columbia,Drive & Dish Basketball Club,Surrey,info@drivendish.com,DRIVE Basketball,Surrey,604-670-4340,drive,,,,,
Ontario,Durham Basketball Club,Durham,durhambasketballclub@gmail.com,Durham Blues Basketball,Durham Region (Pickering/Ajax/Oshawa/Whitby),durhambluesball@gmail.com,durham,,,,,
Ontario,Durham Basketball Club,Durham,durhambasketballclub@gmail.com,Durham City Bulldogs,Durham,info@durhamcitybasketball.ca,durham,,,,,
Ontario,Durham Basketball Club,Durham,durhambasketballclub@gmail.com,Durham Rising Suns,Oshawa/Durham ON,info@durhamrisingsuns.com,durham,,,,,
Ontario,Durham Basketball Club,Durham,durhambasketballclub@gmail.com,Filipino Basketball Association of Durham (FBAD),,chan7930@rogers.com,durham,,,,,
Ontario,Durham City Basketball Association,Ajax/Pickering/Whitby/Oshawa,info@durhamcitybasketball.ca,Durham Rising Suns,Oshawa/Durham ON,info@durhamrisingsuns.com,durham,,,,,
Ontario,Durham City Basketball Association,Ajax/Pickering/Whitby/Oshawa,info@durhamcitybasketball.ca,Filipino Basketball Association of Durham (FBAD),,chan7930@rogers.com,durham,,,,,
Ontario,East York Basketball,Toronto (East/Beaches),info@eastyorkbasketball.com,York Region Elite,,admin@ynba.ca,york,,,,,
Ontario,East-Side City Warriors,,wmenzie@hotmail.com,South Windsor Warriors,Windsor,info@southwindsorwarriors.com,warriors,,,,,
Ontario,Eastern Academy,,,Eastern Earthquakes,"Eastern Ontario, inferred from name",,eastern,,,,,
Ontario,Eastern Academy,,,Eastern Ontario Basketball League (EOBL),Eastern Ontario (Ottawa area),,eastern,,,,,
Ontario,Eastern Basketball Academy,,info@easternbasketball.ca,YMCA of Eastern Ontario Brockville,Brockville,mike_dewitt@kingston.ymca.ca,eastern,,,,,
Ontario,Eastern Basketball Academy,,info@easternbasketball.ca,YMCA of Eastern Ontario Kingston,Kingston,mike_dewitt@kingston.ymca.ca,eastern,,,,,
Ontario,Eastern Earthquakes,"Eastern Ontario, inferred from name",,Eastern Ontario Basketball League (EOBL),Eastern Ontario (Ottawa area),,eastern,,,,,
Ontario,Edge Basketball,,,Edge Varsity,,,edge,,,,,
Ontario,First Step Basketball,,,First Step Elite (FSE),K-W/519,,first step,,,,,
Ontario,First Step Basketball,,,First Step Elite (FSE),Kitchener-Waterloo ON,,first step,,,,,
British Columbia,Fraser Valley Basketball Association,Surrey,basketballfv@gmail.com,Fraser Valley Unity Ball,,jackiecraven7@gmail.com,fraser,,,,,
New Brunswick,Fredericton Jr Freeze,Fredericton,,Jr. Freeze (Fredericton Junior Freeze),Fredericton,,freeze,,,,,
Ontario,Full Circle Academy,,,Full Circle Basketball Academy,Courtice (Durham) ON,,circle full,,,,,
Ontario,G2S Game Changers,North York/GTA ON,,Game 6 Sports Academy,,,game,,,,,
British Columbia,GG Wolves Basketball Skills Academy,Vancouver,rpennington.basketball@gmail.com,Vancouver Wolves Basketball Club,Vancouver,vancouverwolvesbasketball@novus.ca,wolves,,,,,
Ontario,Grassroots Canada,Toronto,(416) 272-0376,Grassroots Elite,,ro@grassrootscanada.org,grassroots,,,,,
Ontario,Grassroots Elite,,ro@grassrootscanada.org,Grassroots Elite Canada,Ontario-wide,t_jpoyser@outlook.com,grassroots,,,,,
Ontario,Grassroots Elite,,ro@grassrootscanada.org,Grassroots Niagara,Niagara,blueprint_training@hotmail.com,grassroots,,,,,
Ontario,Guelph Knights,Guelph,info@guelphknights.ca,Silver Knights,,ysskbc@gmail.com,knights,,,,,
Ontario,Hooptrotters (OGs/5Gs),GTA (North York) ON,,Hooptrotters OGs,,,hooptrotters,,,,,
Ontario,IEM North York,North York,info@iembasketball.com,York Region Elite,,admin@ynba.ca,york,,,,,
Ontario,Iconic,,,Team Iconic,,,iconic,,,,,
Ontario,Inter-City Saints,,,Whitby Saints,Whitby,,saints,,,,,
British Columbia,Just Real Ballers,Vancouver,westendcc2020@gmail.com,NV Ballers Basketball Club (N.W. Sports Club Society),North Vancouver,info@indiantypefoundry.com,ballers,,,,,
Ontario,Kemptville Warriors,,info@kemptvillewarriors.ca,South Windsor Warriors,Windsor,info@southwindsorwarriors.com,warriors,,,,,
Ontario,Malvern Alliance,"Toronto (Malvern, Scarborough)",,Toronto Alliance,Toronto,,alliance,,,,,
Ontario,Milton Stags,Milton ON,inquiry@stagsbasketball.com,Stags,,inquiry@miltonstags.com,stags,,,,,
Ontario,Mississauga Knights,Mississauga,info@knightsbasketball.ca,Silver Knights,,ysskbc@gmail.com,knights,,,,,
Ontario,Momentum Basketball,Toronto (Don Mills),info@momentumsportsgroup.ca,Momentum Sports Group,,admin@momentumsportsgroup.ca,momentum,,,,,
Ontario,NDL,,,NDL Basketball,,,ndl,,,,,
Ontario,North York Aquilas,North York,northyorkpinoy@gmail.com,York Region Elite,,admin@ynba.ca,york,,,,,
Ontario,North York Lions,North York,info@pbaa.ca,York Region Elite,,admin@ynba.ca,york,,,,,
Ontario,North York Pinoy Athletic Association (North York Aquilas),,,York Region Basketball League (YRBL),Vaughan/Markham/Richmond Hill/Newmarket/Aurora,,york,,,,,
Saskatchewan,Queen City Splash,Regina,queencitysplash@gmail.com,Splash (Regina),Regina,m.stefaniuk@sasktel.net,splash,,,,,
Quebec,RSEQ,,,RSEQ Montérégie,Richelieu-Yamaska,,rseq,,,,,
Ontario,Rise Basketball,Toronto/GTA,587-899-7473,Rise Up Elite,,renevillavecer@yahoo.com,rise,,,,,
Ontario,Rise Basketball (Rise Fitness and Sports Training),Vernon,kyle@rise-fast.com,Rise Up Elite,,renevillavecer@yahoo.com,rise,,,,,
Ontario,Rise Up Elite,,renevillavecer@yahoo.com,The Rise Centre,Brantford,jkayeye@therisecentre.com,rise,,,,,
Ontario,Scarborough Basketball Association,Scarborough,info@sbablues.ca,Scarborough Prep,Scarborough,647-693-8929,scarborough,,,,,
Ontario,The Conglomerate,NPH SL,,The Conglomerate Unit,,,conglomerate,,,,,
Ontario,Tri-City Basketball,Kitchener/Waterloo/Cambridge,,Tri-City Prep BA,K-W-Cambridge/Guelph ON,,tri,,,,,
Ontario,Tri-City Basketball,Kitchener/Waterloo/Cambridge,,Tri-County Thunder,Kitchener-Waterloo/Guelph/Brampton (Tri-County),,tri,,,,,
Ontario,Tri-City Prep BA,K-W-Cambridge/Guelph ON,,Tri-County Thunder,Kitchener-Waterloo/Guelph/Brampton (Tri-County),,tri,,,,,
Ontario,Tru Balance,GTA (likely),,Tru Balance Hoops,GTA/Toronto ON,,balance tru,,,,,
British Columbia,Vic City Hoops (vCity Hoops),Victoria,viccityhoops@gmail.com,Vic Howlers Basketball,Victoria,office@vichowlers.ca,vic,,,,,
Ontario,Victory,,,Victory Prep (Brampton),Brampton ON,,victory,,,,,
Alberta,Vision Basketball Academy,Calgary,mark@visionbasketball.ca,Vision Elite Academy (Calgary programs),Calgary,hello@visioneliteacademy.org,vision,,,,,
Ontario,York Region Elite,,admin@ynba.ca,York South Silver Knights,Richmond Hill/Markham ON,ysskbc@gmail.com,york,,,,,
Saskatchewan,little BALLERS,Moose Jaw,info@littleballersbasketball.com,Moose Jaw Ballers (MJ Ballers),Moose Jaw,mjballers18@gmail.com,ballers,,,,,
